time,latitude,longitude,depth,mag,magType,nst,gap,dmin,rms,net,id,updated,place,type,horizontalError,depthError,magError,magNst,status,locationSource,magSource
2021-02-10T17:53:00.116Z,-23.5091,-179.6783,545.63,4.6,mb,,124,6.115,0.72,us,us6000dgbx,2021-02-10T18:16:58.040Z,south of the Fiji Islands,earthquake,8.1,8,0.106,27,reviewed,us,us
2021-02-10T17:30:24.927Z,-22.8069,-179.7602,576.17,4.8,mb,,66,5.438,0.71,us,us6000dgc1,2021-02-10T18:37:38.040Z,south of the Fiji Islands,earthquake,15.1,8.8,0.104,29,reviewed,us,us
2021-02-10T17:25:50.085Z,-22.7319,171.7213,10,5.6,mb,,43,7.741,1.05,us,us6000dgbp,2021-02-10T18:36:32.772Z,southeast of the Loyalty Islands,earthquake,11,1.8,0.036,264,reviewed,us,us
2021-02-10T17:24:35.478Z,-23.303,171.5116,10,5.2,mb,,112,8.253,0.64,us,us6000dgbr,2021-02-10T18:02:46.040Z,southeast of the Loyalty Islands,earthquake,11,1.8,0.056,106,reviewed,us,us
2021-02-10T17:00:50.078Z,-22.771,171.2583,10,5,mb,,111,8.103,1.18,us,us6000dgbc,2021-02-10T17:47:19.040Z,southeast of the Loyalty Islands,earthquake,6,1.8,0.059,91,reviewed,us,us
2021-02-10T16:53:54.227Z,-22.7377,171.5727,10,5.2,mb,,84,7.852,0.76,us,us6000dgc3,2021-02-10T18:50:38.040Z,southeast of the Loyalty Islands,earthquake,5.7,1.9,0.086,46,reviewed,us,us
2021-02-10T16:52:21.513Z,-22.8506,171.4957,10,5.1,mb,,113,7.977,0.64,us,us6000dgba,2021-02-10T17:14:28.040Z,southeast of the Loyalty Islands,earthquake,7.8,1.9,0.1,32,reviewed,us,us
2021-02-10T16:47:08.326Z,-22.8965,171.0215,10,5.1,mb,,99,8.352,0.75,us,us6000dgbb,2021-02-10T17:06:34.040Z,southeast of the Loyalty Islands,earthquake,11.5,1.9,0.098,35,reviewed,us,us
2021-02-10T16:35:23.191Z,-22.8384,171.0768,10,6.1,mww,,64,8.277,0.98,us,us6000dgb4,2021-02-10T18:39:25.672Z,southeast of the Loyalty Islands,earthquake,4.7,1.9,0.093,11,reviewed,us,us
2021-02-10T14:59:37.107Z,-22.7553,172.0277,10,5.1,mb,,115,7.538,1.7,us,us6000dga5,2021-02-10T15:17:47.040Z,southeast of the Loyalty Islands,earthquake,12.8,1.9,0.092,38,reviewed,us,us
2021-02-10T14:49:57.457Z,-22.923,170.8756,10,5.1,mb,,109,8.476,1.28,us,us6000dg8r,2021-02-10T15:09:51.040Z,southeast of the Loyalty Islands,earthquake,13.7,1.9,0.086,44,reviewed,us,us
2021-02-10T14:37:22.040Z,-22.7176,171.5166,10,5.2,mb,,75,7.881,0.84,us,us6000dg8l,2021-02-10T14:53:34.040Z,southeast of the Loyalty Islands,earthquake,10.6,1.9,0.095,37,reviewed,us,us
2021-02-10T14:30:24.547Z,-22.7878,172.0663,10,5,mb,,105,7.532,1.22,us,us6000dg8j,2021-02-10T14:49:40.040Z,southeast of the Loyalty Islands,earthquake,12.5,1.9,0.111,26,reviewed,us,us
2021-02-10T14:18:20.352Z,-22.6942,171.7785,10,5.6,mb,,64,7.676,0.93,us,us6000dg8c,2021-02-10T16:21:31.050Z,southeast of the Loyalty Islands,earthquake,10.1,1.9,0.041,215,reviewed,us,us
2021-02-10T13:57:18.338Z,-22.6348,171.5387,10,5.2,mb,,112,7.814,0.8,us,us6000dg99,2021-02-10T15:23:36.040Z,southeast of the Loyalty Islands,earthquake,13.7,1.9,0.122,22,reviewed,us,us
2021-02-10T13:20:00.140Z,-23.2507,171.4851,10,7.7,mww,,33,8.238,1.73,us,us6000dg77,2021-02-10T16:49:43.040Z,southeast of the Loyalty Islands,earthquake,9.3,1.8,0.042,54,reviewed,us,us
2021-02-10T13:02:00.059Z,-22.7819,171.5776,10,6.1,mww,,118,7.876,1.03,us,us6000dg72,2021-02-10T17:11:57.040Z,southeast of the Loyalty Islands,earthquake,12.4,1.9,0.086,13,reviewed,us,us
2021-02-10T12:52:27.660Z,-5.6626,101.6647,10,6.2,mww,,29,1.824,0.68,us,us6000dg70,2021-02-10T18:11:56.788Z,"216 km SSW of Bengkulu, Indonesia",earthquake,6.6,1.7,0.056,31,reviewed,us,us
2021-02-10T12:32:11.852Z,-22.5523,171.4567,10,5.7,mww,,60,7.826,0.62,us,us6000dg6v,2021-02-10T17:22:06.040Z,southeast of the Loyalty Islands,earthquake,12.2,1.8,0.098,10,reviewed,us,us
2021-02-10T12:24:21.709Z,-22.8608,171.6454,10,6,mww,,39,7.876,1.13,us,us6000dg6u,2021-02-10T18:25:10.923Z,southeast of the Loyalty Islands,earthquake,11.3,1.8,0.049,40,reviewed,us,us
2021-02-10T10:21:32.774Z,-5.6245,101.6833,10,5.1,mb,,58,1.784,0.64,us,us6000dg6b,2021-02-10T10:46:19.040Z,"211 km SSW of Bengkulu, Indonesia",earthquake,7,1.7,0.067,72,reviewed,us,us
2021-02-10T10:15:34.630Z,-5.6097,101.6902,10,5.1,mb,,81,1.769,0.64,us,us6000dg6a,2021-02-10T10:32:52.040Z,"210 km SSW of Bengkulu, Indonesia",earthquake,4.9,1.7,0.079,52,reviewed,us,us
2021-02-10T10:03:13.359Z,4.9077,127.3783,113.96,5.1,mb,,109,2.795,0.52,us,us6000dg69,2021-02-10T10:20:13.040Z,"208 km SE of Pondaguitan, Philippines",earthquake,8.6,6.8,0.056,103,reviewed,us,us
2021-02-10T08:47:40.295Z,12.9485,-88.4204,91.57,5,mb,,81,1.387,1.29,us,us6000dg5d,2021-02-10T18:27:23.445Z,"38 km SSW of Jucuarán, El Salvador",earthquake,6,6.7,0.032,318,reviewed,us,us
2021-02-10T08:22:32.092Z,-13.5934,-111.5909,10,5.7,mww,,126,33.522,1.06,us,us6000dg56,2021-02-10T17:42:19.040Z,central East Pacific Rise,earthquake,8.5,1.8,0.069,20,reviewed,us,us
2021-02-09T23:25:47.265Z,-1.1479,28.6334,10,4.5,mb,,89,2.173,1.12,us,us6000dg2e,2021-02-10T00:07:44.040Z,"65 km NW of Sake, Democratic Republic of the Congo",earthquake,10.4,2,0.127,18,reviewed,us,us
2021-02-09T15:51:55.870Z,38.6148,31.589,10,4.8,mb,,56,1.147,0.63,us,us6000dfyz,2021-02-09T16:38:06.955Z,"15 km NNW of Tuzlukçu, Turkey",earthquake,5,1.9,0.107,28,reviewed,us,us
2021-02-09T12:47:32.483Z,-6.4249,130,172.09,4.5,mb,,99,2.013,1.27,us,us6000dfxz,2021-02-09T13:06:53.040Z,Banda Sea,earthquake,9.2,10.3,0.205,7,reviewed,us,us
2021-02-09T11:28:20.615Z,-18.6278,-69.9874,96.14,4.8,mb,,86,0.323,0.55,us,us6000dfxe,2021-02-09T15:40:47.985Z,"36 km ESE of Arica, Chile",earthquake,4.9,5.5,0.039,205,reviewed,us,us
2021-02-09T07:24:47.614Z,-6.3997,129.8761,166.21,5.2,mww,,30,2.113,1.01,us,us6000dfuw,2021-02-09T17:41:41.040Z,Banda Sea,earthquake,7.5,4.2,0.059,28,reviewed,us,us
2021-02-09T07:07:58.892Z,31.352,140.6425,76.14,5.2,mww,,66,1.893,0.99,us,us6000dfuq,2021-02-10T06:31:17.035Z,"Izu Islands, Japan region",earthquake,7.1,5.8,0.093,11,reviewed,us,us
2021-02-09T04:48:21.168Z,41.3377,143.4866,39.48,4.8,mb,,136,0.72,0.38,us,us6000dftq,2021-02-10T05:31:15.040Z,"144 km SE of Shizunai-furukawachō, Japan",earthquake,7.6,7.6,0.118,22,reviewed,us,us
2021-02-09T04:37:50.480Z,9.4814,-85.6366,10,4.5,mb,,125,1.049,0.4,us,us6000dft3,2021-02-10T05:14:17.496Z,"45 km SSW of Sámara, Costa Rica",earthquake,3.8,1.9,0.1,29,reviewed,us,us
2021-02-09T03:39:28.740Z,30.0669,130.9986,35,4.9,mb,,97,1.512,0.53,us,us6000dfsx,2021-02-10T04:57:25.040Z,"48 km ESE of Koshima, Japan",earthquake,5.7,1.9,0.061,84,reviewed,us,us
2021-02-09T02:55:47.985Z,-5.1821,151.7511,53,5.6,mww,,16,1.066,0.81,us,us6000dfsv,2021-02-10T04:41:49.068Z,"109 km SSW of Kokopo, Papua New Guinea",earthquake,8.4,1.8,0.051,37,reviewed,us,us
2021-02-09T02:51:14.239Z,19.102,121.1676,34.92,5,mb,,123,3.698,0.65,us,us6000dfsr,2021-02-10T04:34:45.040Z,"54 km N of Namuac, Philippines",earthquake,8.7,4.7,0.087,42,reviewed,us,us
2021-02-09T01:40:55.888Z,-5.4478,-77.3292,10.63,5.1,mb,,53,3.531,0.72,us,us6000dfsf,2021-02-10T03:41:06.528Z,"60 km N of Segunda Jerusalén - Azunguillo, Peru",earthquake,6.9,3.7,0.026,491,reviewed,us,us
2021-02-09T01:22:24.447Z,-10.4821,161.4152,35,4.9,mb,,99,1.779,0.54,us,us6000dfs9,2021-02-09T02:53:42.040Z,"55 km W of Kirakira, Solomon Islands",earthquake,10.8,2,0.077,53,reviewed,us,us
2021-02-09T00:17:51.290Z,-52.8613,27.7845,10,4.9,mb,,56,16.823,0.68,us,us6000dfry,2021-02-09T02:02:30.040Z,south of Africa,earthquake,8.1,1.9,0.099,32,reviewed,us,us
2021-02-08T23:24:39.944Z,11.9833,120.8296,10,5,mww,,32,6.765,0.77,us,us6000dfr7,2021-02-09T02:24:35.040Z,"42 km SW of Santa Teresa, Philippines",earthquake,7.7,1.8,0.089,12,reviewed,us,us
2021-02-08T22:35:39.972Z,43.5338,146.5466,86.04,4.5,mb,,157,2.92,1.04,us,us6000dfqr,2021-02-08T23:17:20.040Z,"32 km SSW of Shikotan, Russia",earthquake,10.9,6.5,0.071,59,reviewed,us,us
2021-02-08T21:10:59.747Z,-16.474,-72.0477,103.95,5.1,mb,,133,2.492,1.06,us,us6000dfq8,2021-02-08T22:23:56.426Z,"4 km ENE of Santa Rita de Siguas, Peru",earthquake,8.1,7.6,0.067,71,reviewed,us,us
2021-02-08T21:04:09.555Z,5.5713,-82.7898,10,4.7,mb,,144,2.869,0.64,us,us6000dfqb,2021-02-08T21:59:36.040Z,"272 km S of Punta de Burica, Panama",earthquake,8.7,1.9,0.078,50,reviewed,us,us
2021-02-08T20:08:09.095Z,-18.8807,-172.5703,10,5.1,mb,,100,2.508,1.11,us,us6000dfpr,2021-02-08T20:32:04.040Z,"151 km E of Neiafu, Tonga",earthquake,10.5,1.9,0.138,20,reviewed,us,us
2021-02-08T16:58:04.000Z,24.3925,122.0533,30.92,5.2,mww,,57,0.471,0.74,us,us6000dfmm,2021-02-09T17:03:53.332Z,"50 km SE of Yilan, Taiwan",earthquake,4.3,4.4,0.054,33,reviewed,us,us
2021-02-08T16:56:31.089Z,24.3748,122.3914,63.14,5.1,mb,,68,0.572,0.76,us,us6000dfmk,2021-02-09T01:18:08.940Z,"62 km W of Yonakuni, Japan",earthquake,4.1,5.4,0.057,103,reviewed,us,us
2021-02-08T16:13:12.943Z,-20.9856,-178.8661,626.74,4.6,mb,,139,4.341,0.71,us,us6000dfly,2021-02-08T16:49:18.040Z,Fiji region,earthquake,14.8,10.8,0.039,200,reviewed,us,us
2021-02-08T14:24:01.433Z,42.3211,144.9477,40.77,5,mww,,80,1.365,0.59,us,us6000dfl9,2021-02-08T15:45:11.701Z,"86 km SSE of Kushiro, Japan",earthquake,8.5,7.6,0.098,10,reviewed,us,us
2021-02-08T12:34:20.683Z,-5.361,145.9113,64.36,5.1,mb,,59,6.338,0.44,us,us6000dfkn,2021-02-08T14:57:54.685Z,"20 km SE of Madang, Papua New Guinea",earthquake,9.8,7.5,0.101,32,reviewed,us,us
2021-02-08T08:59:02.484Z,-9.0577,157.5687,10,5,mb,,46,2.378,0.64,us,us6000dfjm,2021-02-08T09:51:48.040Z,"132 km SE of Gizo, Solomon Islands",earthquake,8.3,1.8,0.078,53,reviewed,us,us
2021-02-08T08:06:19.448Z,-30.2486,-179.4181,340.09,5.5,mww,,72,1.636,0.6,us,us6000dfj3,2021-02-09T15:25:49.988Z,Kermadec Islands region,earthquake,11.3,5.5,0.078,16,reviewed,us,us
2021-02-08T07:54:12.171Z,14.5789,118.8956,10,4.8,mb,,56,8.452,0.61,us,us6000dfit,2021-02-08T08:59:24.040Z,"133 km WSW of San Nicolas, Philippines",earthquake,7.8,1.9,0.053,110,reviewed,us,us
2021-02-08T06:56:19.438Z,-15.6234,-173.7076,32.36,4.9,mb,,70,2.524,0.59,us,us6000dfih,2021-02-08T07:30:45.040Z,"37 km NNE of Hihifo, Tonga",earthquake,15,6.3,0.046,151,reviewed,us,us
2021-02-08T06:39:59.114Z,-34.556,-178.4274,21.45,4.9,mww,,193,3.999,0.77,us,us6000dfia,2021-02-08T07:05:58.040Z,south of the Kermadec Islands,earthquake,14.4,6.8,0.098,10,reviewed,us,us
2021-02-08T01:12:28.351Z,-9.3,111.347,40.47,4.8,mb,,150,1.601,0.7,us,us6000dfh1,2021-02-08T01:29:51.040Z,"140 km SSW of Trenggalek, Indonesia",earthquake,8.9,5.4,0.103,29,reviewed,us,us
2021-02-08T00:00:42.562Z,5.7167,127.051,51.1,5.6,mww,,34,1.986,0.84,us,us6000dfgj,2021-02-09T18:35:54.040Z,"120 km SE of Pondaguitan, Philippines",earthquake,7.5,4.8,0.075,17,reviewed,us,us
2021-02-07T21:57:37.202Z,-3.0553,129.2239,10,4.6,mb,,65,3.024,0.77,us,us6000dffn,2021-02-08T22:05:10.040Z,"46 km NE of Amahai, Indonesia",earthquake,4.9,1.9,0.122,20,reviewed,us,us
2021-02-07T12:25:33.730Z,-23.0214,171.8114,10,4.7,mb,,108,7.861,1.04,us,us6000dfce,2021-02-07T12:54:59.040Z,southeast of the Loyalty Islands,earthquake,12.7,1.9,0.104,28,reviewed,us,us
2021-02-07T09:26:56.210Z,-24.3076,-67.0125,177.64,4.5,mb,,55,1.721,1.01,us,us6000dfbg,2021-02-07T09:46:59.040Z,"71 km W of San Antonio de los Cobres, Argentina",earthquake,4.8,7.5,0.05,119,reviewed,us,us
2021-02-07T05:45:52.249Z,-3.2929,146.0591,10,6.3,mww,,43,1.801,0.87,us,us6000dfad,2021-02-09T06:02:00.358Z,"193 km SW of Lorengau, Papua New Guinea",earthquake,8.4,1.8,0.061,26,reviewed,us,us
2021-02-07T04:22:56.507Z,6.7833,125.2056,15.55,6,mww,,37,0.467,1.38,us,us6000df9r,2021-02-09T04:31:42.813Z,"0 km WSW of Bansalan, Philippines",earthquake,8,3.1,0.048,41,reviewed,us,us
2021-02-07T04:04:41.288Z,-54.813,-135.9412,10,5,mb,,95,39.376,0.74,us,us6000df9m,2021-02-07T04:27:12.040Z,Pacific-Antarctic Ridge,earthquake,13.6,1.8,0.133,18,reviewed,us,us
2021-02-07T02:58:20.364Z,-22.8261,172.0304,10,5,mb,,105,15.154,1.18,us,us6000df9e,2021-02-07T03:16:36.040Z,southeast of the Loyalty Islands,earthquake,14.6,1.9,0.06,89,reviewed,us,us
2021-02-07T02:25:06.293Z,-17.1476,-174.3459,154,4.9,mb,,52,4.058,1.12,us,us6000df96,2021-02-07T02:43:41.040Z,"144 km SSW of Hihifo, Tonga",earthquake,10.1,6.9,0.032,315,reviewed,us,us
2021-02-07T01:56:52.310Z,-20.7555,-177.4664,369.43,5,mb,,49,6.442,1.07,us,us6000df92,2021-02-07T02:14:45.040Z,"238 km W of Haveluloto, Tonga",earthquake,11.5,7.7,0.031,325,reviewed,us,us
2021-02-06T23:28:52.931Z,6.7403,125.0842,16.53,4.8,mb,,81,0.59,0.7,us,us6000df87,2021-02-07T05:11:04.065Z,"11 km WSW of Magsaysay, Philippines",earthquake,6,5.1,0.086,42,reviewed,us,us
2021-02-06T18:39:50.270Z,54.7143,-161.2781,49.96,4.8,mb,,130,0.715,0.77,us,us6000df6i,2021-02-07T03:33:43.727Z,"77 km ESE of King Cove, Alaska",earthquake,5.5,5.3,0.045,165,reviewed,us,us
2021-02-06T17:36:02.338Z,24.6403,122.667,107.67,5.4,mww,,39,0.357,1.22,us,us6000df68,2021-02-07T17:41:29.860Z,"38 km WNW of Yonakuni, Japan",earthquake,5.8,4.1,0.063,24,reviewed,us,us
2021-02-06T16:09:49.572Z,-20.6949,-65.9255,357.57,4.5,mb,,176,3.235,1.11,us,us6000df5u,2021-02-06T16:56:48.040Z,"27 km NNE of Santa Bárbara, Bolivia",earthquake,14.4,13.4,0.271,4,reviewed,us,us
2021-02-06T14:54:28.667Z,38.5863,93.7853,10,4.5,mb,,100,20.261,0.62,us,us6000df5c,2021-02-06T16:07:21.040Z,"northern Qinghai, China",earthquake,12.6,1.9,0.108,25,reviewed,us,us
2021-02-06T10:21:12.989Z,7.5349,126.6515,75,4.6,mb,,81,1.159,0.71,us,us6000df4a,2021-02-07T04:43:19.916Z,"10 km ESE of Baganga, Philippines",earthquake,10,7.6,0.086,40,reviewed,us,us
2021-02-06T07:43:16.284Z,4.1354,-82.7696,10,4.6,mb,,147,4.629,0.85,us,us6000df36,2021-02-06T08:01:30.040Z,south of Panama,earthquake,8.9,1.9,0.083,44,reviewed,us,us
2021-02-06T07:05:02.490Z,19.156,-64.8158,78,4.99,md,29,209,1.2898,0.41,pr,pr2021037002,2021-02-09T18:04:44.185Z,"90 km N of Charlotte Amalie, U.S. Virgin Islands",earthquake,3.67,7.52,0.08,17,reviewed,pr,pr
2021-02-05T23:55:21.059Z,-10.9786,-77.8094,68.15,4.7,mb,,141,1.379,0.66,us,us6000dez0,2021-02-06T16:02:14.556Z,"18 km WNW of Végueta, Peru",earthquake,8.6,7.7,0.045,151,reviewed,us,us
2021-02-05T22:32:30.177Z,-21.3543,-177.9025,337.04,4.5,mb,,103,7.824,0.93,us,us6000deyl,2021-02-05T23:38:37.040Z,"280 km W of Haveluloto, Tonga",earthquake,12.9,6.1,0.062,76,reviewed,us,us
2021-02-05T21:24:07.625Z,-42.7764,-82.4905,10,4.7,mb,,216,7.987,0.97,us,us6000dey3,2021-02-06T03:09:06.040Z,West Chile Rise,earthquake,11.6,1.8,0.108,26,reviewed,us,us
2021-02-05T20:34:45.998Z,-0.2165,124.4574,54.3,5.2,mb,,38,1.874,1,us,us6000dex7,2021-02-06T19:09:36.040Z,"173 km SSW of Tomohon, Indonesia",earthquake,6.4,5.3,0.042,197,reviewed,us,us
2021-02-05T15:41:34.243Z,-22.7765,171.7284,10,5.4,mww,,112,15.255,1.15,us,us6000detn,2021-02-06T15:44:09.977Z,southeast of the Loyalty Islands,earthquake,15.1,1.9,0.098,10,reviewed,us,us
2021-02-05T15:36:10.512Z,40.4948,45.3546,10,5.1,mww,,72,0.583,1.09,us,us6000detl,2021-02-06T11:12:21.516Z,"9 km SSW of Vahan, Armenia",earthquake,5.2,1.9,0.075,17,reviewed,us,us
2021-02-05T12:29:34.652Z,12.3765,-86.7634,148.47,4.8,mb,,131,0.24,0.84,us,us6000deqg,2021-02-05T13:00:55.040Z,"10 km WNW of La Paz Centro, Nicaragua",earthquake,7.2,4.9,0.03,339,reviewed,us,us
2021-02-05T09:07:57.947Z,-4.5002,102.2208,52.88,4.5,mb,,98,0.745,0.63,us,us6000deml,2021-02-05T09:23:51.040Z,"77 km S of Bengkulu, Indonesia",earthquake,7.3,8,0.125,19,reviewed,us,us
2021-02-05T07:53:34.641Z,6.827,-73.0564,152.92,4.5,mb,,79,0.928,1.18,us,us6000dem5,2021-02-07T22:02:18.237Z,northern Colombia,earthquake,7.1,8,0.098,30,reviewed,us,us
2021-02-05T07:07:54.255Z,-4.1349,150.4128,439.55,4.7,mb,,56,1.747,0.44,us,us6000delt,2021-02-05T07:35:05.040Z,"159 km N of Kimbe, Papua New Guinea",earthquake,11.9,8.8,0.083,44,reviewed,us,us
2021-02-04T23:49:49.472Z,11.9058,120.7929,10,4.8,mb,,85,6.735,0.7,us,us6000dej8,2021-02-05T00:22:30.040Z,"51 km SW of Santa Teresa, Philippines",earthquake,9.3,1.9,0.064,76,reviewed,us,us
2021-02-04T23:49:02.355Z,-20.2419,170.0643,96.86,4.8,mb,,102,18.225,0.78,us,us6000dej6,2021-02-05T00:10:49.040Z,"112 km SE of Isangel, Vanuatu",earthquake,14.4,6.9,0.061,83,reviewed,us,us
2021-02-04T22:00:43.233Z,14.5393,123.0159,10,5.1,mww,,72,7.838,0.74,us,us6000dein,2021-02-05T00:45:40.122Z,"37 km NNE of Sabang Indan, Philippines",earthquake,4.8,1.8,0.065,23,reviewed,us,us
2021-02-04T19:27:36.983Z,44.3841,147.7258,81.86,5,mb,,96,3.697,0.75,us,us6000dehm,2021-02-04T22:11:14.040Z,"94 km S of Kuril’sk, Russia",earthquake,9.7,5.8,0.04,205,reviewed,us,us
2021-02-04T17:02:03.773Z,36.7779,76.9025,95.84,4.5,mb,,84,4.31,1.14,us,us6000degv,2021-02-08T14:47:54.245Z,"175 km WSW of Zangguy, China",earthquake,3.5,7.6,0.079,47,reviewed,us,us
2021-02-04T12:14:26.978Z,-22.622,171.9411,10,5.7,mww,,71,15.369,1.03,us,us6000defh,2021-02-08T19:02:31.040Z,southeast of the Loyalty Islands,earthquake,6.7,1.8,0.053,34,reviewed,us,us
2021-02-04T08:14:03.056Z,21.6194,121.8954,10,5.4,mww,,42,1.411,1,us,us6000dedv,2021-02-07T04:43:08.116Z,"126 km ESE of Hengchun, Taiwan",earthquake,6.4,1.8,0.06,27,reviewed,us,us
2021-02-04T07:48:12.382Z,14.6073,118.8313,20.67,5.1,mww,,106,8.439,0.65,us,us6000dedr,2021-02-04T08:08:08.040Z,"139 km WSW of San Nicolas, Philippines",earthquake,8.1,5.4,0.071,19,reviewed,us,us
2021-02-04T05:28:28.571Z,-4.725,152.6517,61.86,4.8,mb,,124,5.91,0.69,us,us6000ded2,2021-02-04T05:47:58.040Z,"59 km SE of Kokopo, Papua New Guinea",earthquake,10.8,8.2,0.069,67,reviewed,us,us
2021-02-04T05:06:24.059Z,28.7477,87.3607,10,5.1,mb,,56,0.923,0.75,us,us6000decu,2021-02-06T06:13:17.612Z,"103 km NNE of Lobujya, Nepal",earthquake,5.6,1.8,0.05,129,reviewed,us,us
2021-02-03T18:33:40.746Z,2.4691,95.958,10,4.5,mb,,178,1.988,0.67,us,us6000de90,2021-02-03T20:50:51.040Z,"46 km W of Sinabang, Indonesia",earthquake,7.8,1.9,0.093,34,reviewed,us,us
2021-02-03T17:57:08.943Z,-39.0843,178.7346,10,4.6,mb,,185,1.447,0.56,us,us6000de86,2021-02-03T21:07:20.775Z,"79 km SE of Gisborne, New Zealand",earthquake,7.6,2,0.182,9,reviewed,us,us
2021-02-03T16:49:12.750Z,-6.1706,147.4362,49.41,5.1,mww,,27,4.1,0.94,us,us6000de7u,2021-02-03T22:10:45.441Z,"62 km NW of Finschhafen, Papua New Guinea",earthquake,8,4.9,0.053,34,reviewed,us,us
2021-02-03T16:35:52.662Z,-61.7804,-55.2269,10,5,mb,,72,1.684,0.9,us,us6000de92,2021-02-03T22:02:06.040Z,South Shetland Islands,earthquake,8.1,1.8,0.105,30,reviewed,us,us
2021-02-03T14:29:50.176Z,34.2655,78.2901,10,4.5,mb,,84,4.218,0.69,us,us6000de6k,2021-02-09T15:13:21.040Z,"66 km E of Leh, India",earthquake,6.4,1.9,0.083,45,reviewed,us,us
2021-02-03T11:41:55.568Z,-3.1779,-77.5966,35.23,4.9,mb,,118,1.803,0.74,us,us6000de5q,2021-02-03T12:00:13.040Z,"102 km SE of Sucúa, Ecuador",earthquake,3.8,7.7,0.036,237,reviewed,us,us
2021-02-03T11:11:15.883Z,-20.1515,-173.8087,10,5.1,mb,,73,6.503,1.19,us,us6000de5l,2021-02-03T11:32:52.040Z,"68 km ESE of Pangai, Tonga",earthquake,12.8,1.8,0.042,182,reviewed,us,us
2021-02-03T10:37:28.463Z,12.5064,-88.8051,60.43,4.7,mb,,158,1.752,0.54,us,us6000de5f,2021-02-03T10:58:49.040Z,"90 km SSW of Puerto El Triunfo, El Salvador",earthquake,8,8.1,0.036,240,reviewed,us,us
2021-02-03T10:20:20.432Z,55.044,165.6515,10,4.9,mb,,98,4.597,0.82,us,us6000de5d,2021-02-03T10:45:06.040Z,"239 km SE of Ust’-Kamchatsk Staryy, Russia",earthquake,6.2,1.9,0.034,273,reviewed,us,us
2021-02-03T09:55:07.140Z,10.4069,-12.9948,14.42,5,mb,,49,8.862,0.74,us,us6000de5b,2021-02-03T14:39:46.539Z,"39 km E of Tondon, Guinea",earthquake,8.5,3.8,0.052,116,reviewed,us,us
2021-02-03T08:42:25.839Z,23.1303,-107.9857,10,4.9,mb,,177,4.335,0.9,us,us6000de4r,2021-02-03T09:24:28.144Z,"137 km SW of Empaque Tarriba, Mexico",earthquake,9,1.9,0.029,373,reviewed,us,us
2021-02-03T08:25:38.490Z,-3.0087,118.9644,10,4.9,mb,,35,2.141,0.49,us,us6000de4n,2021-02-03T09:17:18.040Z,"37 km SSE of Mamuju, Indonesia",earthquake,4.9,1.9,0.082,46,reviewed,us,us
2021-02-03T05:23:44.293Z,-36.1899,-97.6645,10,6.7,mww,,70,13.422,1.07,us,us6000de34,2021-02-04T05:28:33.747Z,West Chile Rise,earthquake,10.2,1.8,0.048,41,reviewed,us,us
2021-02-03T01:44:33.507Z,-22.8165,171.8414,10,4.9,mb,,105,15.196,1.01,us,us6000de2l,2021-02-03T02:47:21.040Z,southeast of the Loyalty Islands,earthquake,14.4,1.9,0.099,32,reviewed,us,us
2021-02-03T01:38:56.444Z,-20.4132,-177.8065,531.23,4.5,mb,,86,6.079,1.04,us,us6000de2c,2021-02-03T01:56:58.040Z,"282 km WNW of Haveluloto, Tonga",earthquake,11.4,8.2,0.053,103,reviewed,us,us
2021-02-03T00:51:36.182Z,-22.663,171.9487,10,5.3,mb,,77,15.327,0.88,us,us6000de1w,2021-02-03T01:09:39.040Z,southeast of the Loyalty Islands,earthquake,5.8,1.9,0.06,93,reviewed,us,us
2021-02-03T00:49:45.054Z,-22.8924,171.8894,10,5,mb,,64,15.113,0.58,us,us6000de1p,2021-02-03T02:34:55.040Z,southeast of the Loyalty Islands,earthquake,13.8,1.8,0.075,58,reviewed,us,us
2021-02-03T00:42:17.579Z,-22.5457,172.1,10,5.6,mww,,98,15.417,1.04,us,us6000de1j,2021-02-04T00:45:18.564Z,southeast of the Loyalty Islands,earthquake,6.1,1.8,0.098,10,reviewed,us,us
2021-02-03T00:05:33.735Z,-22.7098,171.9202,10,5.2,mb,,70,15.286,0.87,us,us6000de1c,2021-02-03T00:30:45.040Z,southeast of the Loyalty Islands,earthquake,13.8,1.9,0.049,135,reviewed,us,us
2021-02-02T23:58:34.546Z,-22.7369,171.9044,9,5.8,mww,,26,5.096,1.21,us,us6000de19,2021-02-10T03:17:58.881Z,southeast of the Loyalty Islands,earthquake,8.2,1.7,0.057,30,reviewed,us,us
2021-02-02T23:50:42.257Z,-22.7367,171.8679,10,4.9,mb,,64,5.062,1.03,us,us6000de13,2021-02-10T03:10:44.040Z,southeast of the Loyalty Islands,earthquake,11.2,1.8,0.087,42,reviewed,us,us
2021-02-02T23:44:42.420Z,-22.8368,171.6497,10,4.5,mb,,110,4.875,0.98,us,us6000dg02,2021-02-10T03:05:14.040Z,southeast of the Loyalty Islands,earthquake,8.8,1.7,0.151,13,reviewed,us,us
2021-02-02T23:37:11.108Z,-22.619,171.7621,10,4.6,mb,,114,4.953,1.17,us,us6000dg00,2021-02-10T02:46:39.040Z,southeast of the Loyalty Islands,earthquake,7.3,1.8,0.126,21,reviewed,us,us
2021-02-02T22:57:54.923Z,-15.1744,-75.8571,10,4.5,mb,,71,3.309,1.08,us,us6000de0t,2021-02-10T02:39:56.040Z,"77 km WNW of San Juan, Peru",earthquake,10.2,1.9,0.128,18,reviewed,us,us
2021-02-02T20:49:27.581Z,-16.286,177.9523,10,5.7,mww,,35,4.269,0.74,us,us6000ddzk,2021-02-03T21:37:58.336Z,"141 km NNE of Ba, Fiji",earthquake,7.2,1.7,0.071,19,reviewed,us,us
2021-02-02T16:14:12.251Z,28.8023,84.0028,21.06,4.6,mb,,126,2.613,0.58,us,us6000ddxt,2021-02-03T11:07:16.793Z,"51 km NE of Chitre, Nepal",earthquake,9.6,5.2,0.084,42,reviewed,us,us
2021-02-02T14:45:00.693Z,4.1327,126.5027,39.89,4.7,mb,,112,3.059,0.82,us,us6000ddx3,2021-02-10T18:06:13.040Z,"181 km SE of Sarangani, Philippines",earthquake,8.5,8.5,0.097,32,reviewed,us,us
2021-02-02T14:37:40.116Z,4.0126,126.5004,48.5,5,mww,,62,3.172,0.67,us,us6000ddwl,2021-02-10T17:59:57.040Z,"192 km SE of Sarangani, Philippines",earthquake,7,5.5,0.098,10,reviewed,us,us
2021-02-02T08:05:16.094Z,-16.3014,-172.7035,28,4.9,mb,,70,2.539,1.28,us,us6000ddut,2021-02-02T08:24:31.040Z,"123 km ESE of Hihifo, Tonga",earthquake,4.5,6.3,0.093,36,reviewed,us,us
2021-02-02T04:35:59.497Z,2.2047,128.3277,83.94,4.8,mb,,79,1.717,0.51,us,us6000ddt4,2021-02-03T00:49:41.040Z,"63 km NE of Tobelo, Indonesia",earthquake,9.2,6,0.094,35,reviewed,us,us
2021-02-02T02:31:14.090Z,28.8429,87.3919,9.98,5,mww,,64,3.373,0.57,us,us6000ddsr,2021-02-03T00:18:32.758Z,"113 km NNE of Lobujya, Nepal",earthquake,8.2,3.9,0.083,14,reviewed,us,us
2021-02-02T00:02:45.243Z,39.1024,36.1006,10,4.5,mwr,,26,0.318,0.78,us,us6000dds6,2021-02-02T13:55:27.273Z,"9 km SSE of Gemerek, Turkey",earthquake,3.7,1.9,0.069,20,reviewed,us,us
2021-02-01T22:31:08.001Z,9.7061,126.01,10,4.7,mb,,126,2.654,0.55,us,us6000dfwb,2021-02-10T00:42:24.040Z,"7 km SW of Dapa, Philippines",earthquake,14.6,0.7,0.137,16,reviewed,us,us
2021-02-01T20:53:19.898Z,13.6975,-90.7714,83.66,4.6,mb,,178,1.216,0.51,us,us6000ddrb,2021-02-09T22:08:33.040Z,"26 km SSE of Puerto San José, Guatemala",earthquake,4.2,8.5,0.141,15,reviewed,us,us
2021-02-01T20:46:15.897Z,38.9772,26.0791,10,4.8,mb,,32,0.65,0.55,us,us6000ddra,2021-02-09T21:57:45.880Z,"14 km SW of Polichnítos, Greece",earthquake,5.1,1.1,0.071,61,reviewed,us,us
2021-02-01T18:32:57.756Z,-4.6544,132.5931,10,4.8,mb,,84,1.757,1.02,us,us6000ddqn,2021-02-09T21:31:13.040Z,"109 km N of Tual, Indonesia",earthquake,5.9,1.8,0.098,32,reviewed,us,us
2021-02-01T17:14:48.534Z,4.9874,127.5422,111.84,4.6,mb,,116,2.844,1.01,us,us6000ddqb,2021-02-09T21:24:50.040Z,"214 km SE of Pondaguitan, Philippines",earthquake,6.3,6.1,0.075,52,reviewed,us,us
2021-02-01T15:34:05.257Z,-6.3737,147.7647,52.18,4.7,mb,,97,3.07,0.55,us,us6000dfw3,2021-02-10T14:18:22.040Z,"22 km NNW of Finschhafen, Papua New Guinea",earthquake,7.9,7.2,0.094,34,reviewed,us,us
2021-02-01T15:29:28.656Z,-55.6175,-128.9766,10,4.9,mb,,71,30.262,0.76,us,us6000dfw0,2021-02-09T20:32:37.040Z,Pacific-Antarctic Ridge,earthquake,15.3,1.8,0.187,12,reviewed,us,us
2021-02-01T15:18:25.197Z,-59.0013,-16.8454,10,4.8,mb,,76,13.935,0.48,us,us6000dfw1,2021-02-09T19:54:35.040Z,east of the South Sandwich Islands,earthquake,12.5,1.2,0.131,20,reviewed,us,us
2021-02-01T14:25:05.483Z,-15.6435,-173.2042,10,4.5,mb,,114,2.205,0.22,us,us6000dfw7,2021-02-09T19:17:54.040Z,"72 km ENE of Hihifo, Tonga",earthquake,7.1,1.9,0.205,9,reviewed,us,us
2021-02-01T13:10:15.874Z,38.9683,26.0399,9.41,4.9,mb,,32,0.682,0.48,us,us6000ddmm,2021-02-09T16:54:12.989Z,"17 km SW of Polichnítos, Greece",earthquake,4.6,4,0.068,68,reviewed,us,us
2021-02-01T11:13:35.147Z,-24.359,-67.2954,184.71,4.8,mb,,87,1.617,1.16,us,us6000ddm4,2021-02-01T11:32:02.040Z,"100 km W of San Antonio de los Cobres, Argentina",earthquake,6.8,11.3,0.176,10,reviewed,us,us
2021-02-01T08:35:18.026Z,39.0511,26.1067,7.16,5.2,mww,,45,0.622,0.5,us,us6000ddle,2021-02-01T22:50:02.040Z,"7 km WSW of Polichnítos, Greece",earthquake,5.1,1.6,0.069,20,reviewed,us,us
2021-02-01T08:34:47.319Z,37.3914,141.8797,44.68,4.6,mb,,135,1.783,1.05,us,us6000ddlg,2021-02-02T03:56:34.735Z,"78 km E of Namie, Japan",earthquake,8.3,8.1,0.1,30,reviewed,us,us
2021-02-01T06:00:05.068Z,38.89,26.0215,10,4.8,mb,,32,0.712,0.58,us,us6000ddkp,2021-02-01T14:16:37.647Z,"25 km SSW of Polichnítos, Greece",earthquake,2.8,1.9,0.074,57,reviewed,us,us
2021-02-01T05:46:53.021Z,38.9633,26.0739,10,4.8,mb,,34,0.656,0.81,us,us6000ddkk,2021-02-01T17:59:06.346Z,"15 km SW of Polichnítos, Greece",earthquake,4.8,1.9,0.135,17,reviewed,us,us
2021-02-01T05:31:49.501Z,4.1669,126.6027,52.26,4.5,mb,,117,3.058,0.5,us,us6000ddkj,2021-02-01T05:55:05.040Z,"186 km SE of Sarangani, Philippines",earthquake,4.1,8.2,0.131,17,reviewed,us,us
2021-02-01T05:20:05.048Z,-59.1473,-26.0908,119.68,5,mb,,86,7.511,0.79,us,us6000ddkg,2021-02-01T05:37:46.040Z,South Sandwich Islands region,earthquake,10.1,5.7,0.067,70,reviewed,us,us
2021-01-31T23:20:48.932Z,-31.7572,-68.9636,10,4.7,mwr,,39,0.318,0.88,us,us6000ddi8,2021-02-01T13:38:10.785Z,"31 km SW of Villa Basilio Nievas, Argentina",earthquake,2,1.7,0.038,68,reviewed,us,us
2021-01-31T22:54:20.147Z,19.7706,121.3484,48.93,4.7,mb,,132,3.042,0.53,us,us6000dev5,2021-02-08T04:38:51.040Z,"99 km SW of Basco, Philippines",earthquake,11.9,8.4,0.134,17,reviewed,us,us
2021-01-31T22:06:00.832Z,28.1524,57.257,10,4.9,mb,,71,3.33,0.61,us,us6000ddhs,2021-02-08T04:53:42.040Z,"114 km N of Mīnāb, Iran",earthquake,8.3,1.8,0.059,89,reviewed,us,us
2021-01-31T19:58:35.348Z,3.9662,126.5332,36.06,4.7,mb,,119,3.28,0.69,us,us6000deuy,2021-02-06T20:42:01.040Z,"198 km SE of Sarangani, Philippines",earthquake,11.6,6.6,0.152,13,reviewed,us,us
2021-01-31T19:05:14.669Z,2.6669,-59.6065,7.22,5.6,mww,,25,0.954,0.61,us,us6000ddge,2021-02-01T22:43:21.040Z,"82 km SSE of Lethem, Guyana",earthquake,7,4,0.048,42,reviewed,us,us
2021-01-31T16:42:37.236Z,-9.2887,107.079,10,4.6,mb,,162,1.9,0.45,us,us6000deuu,2021-02-07T18:15:24.040Z,"234 km S of Banjar, Indonesia",earthquake,9.6,2,0.157,13,reviewed,us,us
2021-01-31T16:10:12.563Z,-57.4896,-25.1772,35,4.6,mb,,68,16.972,0.56,us,us6000deut,2021-02-07T17:41:48.040Z,South Sandwich Islands region,earthquake,9.7,1.9,0.136,16,reviewed,us,us
2021-01-31T16:04:33.558Z,28.1239,56.7149,10,4.9,mww,,72,3.198,0.67,us,us6000ddfd,2021-02-07T16:13:29.777Z,"112 km NNE of Bandar Abbas, Iran",earthquake,6.5,1.6,0.098,10,reviewed,us,us
2021-01-31T15:51:49.658Z,22.1851,143.8711,132.47,4.9,mb,,99,5.124,0.7,us,us6000ddfb,2021-02-07T15:50:15.040Z,"Volcano Islands, Japan region",earthquake,9.4,5.9,0.036,249,reviewed,us,us
2021-01-31T15:50:10.756Z,-17.9997,-178.0067,522.9,4.5,mb,,53,3.761,0.56,us,us6000deur,2021-02-07T15:36:23.040Z,"283 km E of Levuka, Fiji",earthquake,12.2,6.9,0.103,28,reviewed,us,us
2021-01-31T09:44:41.806Z,-5.4951,133.8417,10,5.1,mww,,55,3.011,0.99,us,us6000dddu,2021-01-31T10:02:41.040Z,"121 km E of Tual, Indonesia",earthquake,6.3,1.9,0.098,10,reviewed,us,us
2021-01-31T09:28:51.342Z,-5.6403,133.6777,10,4.9,mb,,106,3.055,0.76,us,us6000dddp,2021-01-31T09:57:49.624Z,"102 km E of Tual, Indonesia",earthquake,6.1,1.8,0.169,11,reviewed,us,us
2021-01-31T05:11:02.963Z,21.7656,145.4551,10,5,mb,,75,6.085,0.63,us,us6000ddct,2021-02-10T05:21:05.454Z,Mariana Islands region,earthquake,8,1.6,0.042,179,reviewed,us,us
2021-01-31T03:59:26.683Z,-24.2289,-66.9403,168.65,5.1,mb,,29,2.852,0.9,us,us6000ddcd,2021-02-06T02:23:08.152Z,"63 km W of San Antonio de los Cobres, Argentina",earthquake,8.1,6.7,0.025,515,reviewed,us,us
2021-01-31T01:33:03.884Z,-22.9561,-179.523,530.6,4.6,mb,,99,6.424,0.73,us,us6000ddbs,2021-01-31T02:04:47.040Z,south of the Fiji Islands,earthquake,15.5,5.2,0.141,15,reviewed,us,us
2021-01-31T00:34:14.635Z,9.0919,126.5574,18.17,4.9,mb,,108,2.23,0.52,us,us6000ddbf,2021-02-10T06:53:02.040Z,"34 km ENE of Bacolod, Philippines",earthquake,6.1,4.5,0.07,64,reviewed,us,us
2021-01-30T15:39:44.875Z,-8.2653,156.3045,40.67,4.5,mb,,87,3.784,1.05,us,us6000desb,2021-02-06T20:38:43.040Z,"61 km WSW of Gizo, Solomon Islands",earthquake,11.6,5.9,0.15,13,reviewed,us,us
2021-01-30T15:36:50.468Z,-62.2162,-57.5546,10,5,mb,,96,1.213,1.12,us,us6000dd9d,2021-01-30T15:53:25.040Z,South Shetland Islands,earthquake,9.3,1.9,0.088,41,reviewed,us,us
2021-01-30T14:19:28.576Z,47.2241,152.5273,112.18,4.6,mb,,170,6.674,0.9,us,us6000dd90,2021-01-30T15:02:25.040Z,Kuril Islands,earthquake,12.5,8.9,0.054,103,reviewed,us,us
2021-01-30T13:29:25.576Z,-5.7927,148.4892,129.72,4.5,mb,,65,3.889,0.92,us,us6000dd8q,2021-01-30T15:10:33.040Z,"110 km NE of Finschhafen, Papua New Guinea",earthquake,9.8,8.5,0.118,21,reviewed,us,us
2021-01-30T13:24:59.163Z,-19.9645,-70.3439,60.95,5.2,mww,,136,0.617,0.82,us,us6000dd81,2021-02-03T17:51:38.078Z,"34 km NW of Iquique, Chile",earthquake,4.7,3.5,0.071,19,reviewed,us,us
2021-01-30T10:52:32.139Z,-4.4977,102.5621,57.84,5.4,mb,,67,0.415,0.85,us,us6000dd7l,2021-01-31T10:55:36.767Z,"83 km SSE of Bengkulu, Indonesia",earthquake,7.1,6.1,0.053,124,reviewed,us,us
2021-01-30T09:50:05.806Z,1.5434,121.9811,483.48,4.5,mb,,80,1.273,0.96,us,us6000dd7d,2021-01-30T10:05:58.040Z,"163 km NW of Gorontalo, Indonesia",earthquake,8.9,8.3,0.106,26,reviewed,us,us
2021-01-30T08:35:16.976Z,54.2063,169.2715,19.84,5.3,mww,,81,3.243,0.81,us,us6000dd74,2021-01-30T18:34:06.040Z,"Komandorskiye Ostrova, Russia region",earthquake,8.3,4.4,0.041,56,reviewed,us,us
2021-01-30T08:22:05.719Z,-18.2509,-69.7706,115.85,4.8,mb,,76,0.555,0.66,us,us6000dd72,2021-01-31T01:47:50.530Z,"55 km SE of Calana, Peru",earthquake,7.1,7.2,0.084,43,reviewed,us,us
2021-01-30T05:35:28.317Z,12.7207,-88.0212,68.47,5,mb,,125,0.976,0.74,us,us6000dd68,2021-01-30T06:07:49.025Z,"52 km S of Intipucá, El Salvador",earthquake,6.7,6.1,0.035,254,reviewed,us,us
2021-01-30T05:17:24.647Z,-3.0919,129.3568,10.06,5.3,mb,,57,2.893,0.66,us,us6000dd64,2021-01-30T05:36:35.040Z,"55 km ENE of Amahai, Indonesia",earthquake,6.8,4.2,0.068,73,reviewed,us,us
2021-01-30T04:19:24.322Z,-62.119,-56.4648,10,5,mb,,49,1.038,0.88,us,us6000dd5u,2021-01-30T04:37:24.040Z,South Shetland Islands,earthquake,5.3,1.9,0.073,60,reviewed,us,us
2021-01-30T03:13:01.279Z,10.571,125.5166,35,4.7,mb,,125,10.51,0.85,us,us6000derk,2021-02-06T01:36:09.040Z,"23 km NNW of Loreto, Philippines",earthquake,15.5,2,0.175,11,reviewed,us,us
2021-01-30T01:25:52.859Z,29.3374,128.7017,10,4.6,mb,,125,2.52,1,us,us6000derh,2021-02-06T00:07:49.040Z,"131 km NW of Naze, Japan",earthquake,4.6,1.9,0.119,23,reviewed,us,us
2021-01-29T22:33:50.019Z,14.1786,145.1746,108.2,4.6,mb,,46,0.656,0.61,us,us6000dd3m,2021-02-08T06:03:26.966Z,"77 km NNE of Yigo Village, Guam",earthquake,5.3,5.6,0.066,69,reviewed,us,us
2021-01-29T19:47:55.905Z,-13.963,121.8415,10,5.6,mww,,25,4.808,1.08,us,us6000dd2i,2021-01-30T19:51:15.057Z,northwest of Australia,earthquake,5.7,1.7,0.06,27,reviewed,us,us
2021-01-29T19:31:28.876Z,2.6278,126.7698,18.55,4.6,mb,,105,1.937,0.83,us,us6000dd2d,2021-01-29T21:46:50.040Z,"170 km NW of Tobelo, Indonesia",earthquake,7.9,5.1,0.107,28,reviewed,us,us
2021-01-29T19:23:38.515Z,7.1192,-72.0935,20.96,4.7,mb,,110,1.565,0.73,us,us6000dd2a,2021-01-31T19:25:30.631Z,"12 km N of Cubará, Colombia",earthquake,5.3,6,0.079,51,reviewed,us,us
2021-01-29T15:57:02.883Z,-41.2653,85.4784,10,4.6,mb,,83,29.125,0.98,us,us6000deqh,2021-02-06T20:27:24.040Z,southeast Indian Ridge,earthquake,12.7,1.9,0.173,11,reviewed,us,us
2021-01-29T14:10:39.834Z,-61.7259,-55.3187,10,5.2,mb,,54,1.66,0.71,us,us6000dcxt,2021-01-29T14:29:46.040Z,South Shetland Islands,earthquake,6.1,1.6,0.07,69,reviewed,us,us
2021-01-29T13:54:40.608Z,-61.8129,-55.4615,10,4.8,mb,,64,1.568,1.13,us,us6000dcxq,2021-01-29T14:17:58.040Z,South Shetland Islands,earthquake,8,1.9,0.103,29,reviewed,us,us
2021-01-29T13:23:26.183Z,8.2289,-82.9922,10,4.7,mb,,150,0.371,0.68,us,us6000dcxa,2021-01-29T13:48:05.040Z,"15 km WSW of Puerto Armuelles, Panama",earthquake,3.5,1.5,0.118,22,reviewed,us,us
2021-01-29T13:14:44.904Z,8.2765,-82.9539,10,5.5,mww,,76,0.385,0.74,us,us6000dcx7,2021-01-30T13:19:00.023Z,"10 km W of Puerto Armuelles, Panama",earthquake,5.1,1.8,0.043,51,reviewed,us,us
2021-01-29T12:41:39.155Z,8.1941,-82.9664,10,5.6,mww,,82,0.41,0.74,us,us6000dcx1,2021-01-30T12:45:00.915Z,"14 km SW of Puerto Armuelles, Panama",earthquake,5,1.8,0.068,21,reviewed,us,us
2021-01-29T11:23:28.861Z,8.2438,-83.0096,11.31,4.9,mb,,134,0.348,0.73,us,us6000dcwl,2021-01-29T13:03:31.284Z,"16 km WSW of Puerto Armuelles, Panama",earthquake,6.3,4.9,0.037,231,reviewed,us,us
2021-01-29T10:40:57.314Z,-31.2597,-179.2701,200.05,4.7,mb,,82,2.319,0.69,us,us6000dcwh,2021-01-29T11:26:47.040Z,Kermadec Islands region,earthquake,12.6,7.5,0.08,48,reviewed,us,us
2021-01-29T05:52:29.281Z,-8.4941,159.0781,127.3,4.9,mb,,85,1.272,0.73,us,us6000dctr,2021-01-29T06:10:41.040Z,"68 km SW of Buala, Solomon Islands",earthquake,10.3,7.4,0.065,74,reviewed,us,us
2021-01-29T05:12:20.374Z,13.5212,120.5455,20.51,4.9,mww,,60,9.727,0.91,us,us6000dctk,2021-01-29T11:55:55.627Z,"14 km ENE of Harrison, Philippines",earthquake,9.2,5.6,0.093,11,reviewed,us,us
2021-01-29T01:13:10.894Z,-17.7464,167.6716,10,4.8,mb,,272,3.73,0.95,us,us6000depm,2021-02-05T22:40:24.040Z,"68 km W of Port-Vila, Vanuatu",earthquake,10.7,2,0.249,6,reviewed,us,us
2021-01-28T19:24:26.918Z,40.0825,141.6975,69.17,4.6,mb,,132,0.855,0.94,us,us6000dcqf,2021-02-09T18:46:06.040Z,"37 km ESE of Ichinohe, Japan",earthquake,6.7,2.7,0.065,71,reviewed,us,us
2021-01-28T18:51:50.650Z,44.1798,147.6387,67.52,4.6,mb,,135,3.632,0.82,us,us6000dcq6,2021-02-09T18:42:04.040Z,"84 km ENE of Shikotan, Russia",earthquake,8.8,6.7,0.06,82,reviewed,us,us
2021-01-28T17:52:34.057Z,-17.9428,-178.3424,599.36,4.5,mb,,122,3.439,0.67,us,us6000denf,2021-02-09T19:38:57.040Z,"248 km E of Levuka, Fiji",earthquake,15.1,7.5,0.127,18,reviewed,us,us
2021-01-28T17:06:26.795Z,41.2498,49.9952,35,4.6,mb,,71,4.142,1.16,us,us6000dcpj,2021-02-09T15:04:31.348Z,"65 km NE of Şuraabad, Azerbaijan",earthquake,7.2,1.9,0.078,49,reviewed,us,us
2021-01-28T10:38:45.690Z,13.9473,-91.8831,46.86,4.8,mb,,128,0.602,0.76,us,us6000dcme,2021-01-28T10:53:47.040Z,"38 km S of Champerico, Guatemala",earthquake,7.9,7.7,0.032,312,reviewed,us,us
2021-01-28T07:57:12.495Z,4.9125,127.4813,122.66,4.8,mb,,81,2.858,0.63,us,us6000dclc,2021-01-28T08:25:08.040Z,"215 km SE of Pondaguitan, Philippines",earthquake,8.1,7.4,0.055,105,reviewed,us,us
2021-01-28T07:29:33.011Z,22.5735,121.0345,10,4.8,mb,,82,0.246,0.64,us,us6000dclb,2021-01-28T08:13:27.040Z,"61 km E of Donggang, Taiwan",earthquake,5.7,1.9,0.072,59,reviewed,us,us
2021-01-28T06:03:22.557Z,-6.373,154.0443,10,5,mb,,45,13.797,0.63,us,us6000dckn,2021-01-28T06:50:47.040Z,"159 km W of Panguna, Papua New Guinea",earthquake,12.3,1.8,0.074,59,reviewed,us,us
2021-01-28T02:55:30.084Z,-61.8425,-55.7451,10,4.5,mb,,45,1.43,0.47,us,us6000demv,2021-02-08T03:42:36.040Z,South Shetland Islands,earthquake,7.7,1.9,0.144,14,reviewed,us,us
2021-01-28T01:24:30.120Z,-15.9029,-174.4514,10,4.5,mb,,124,3.253,0.85,us,us6000demu,2021-02-08T01:50:46.040Z,"70 km W of Hihifo, Tonga",earthquake,7.5,1.8,0.14,15,reviewed,us,us
2021-01-28T01:06:06.053Z,-16.4788,-174.3278,73.89,4.5,mb,,124,7.393,0.44,us,us6000demy,2021-02-08T01:34:32.040Z,"81 km SW of Hihifo, Tonga",earthquake,11,7.8,0.163,11,reviewed,us,us
2021-01-28T00:51:39.387Z,-32.291,-13.5178,10,4.8,mb,,87,4.867,0.36,us,us6000demr,2021-02-10T03:44:57.040Z,southern Mid-Atlantic Ridge,earthquake,5.4,1.9,0.138,16,reviewed,us,us
2021-01-27T17:21:33.496Z,-1.3747,-15.0256,10,4.6,mb,,194,6.432,0.84,us,us6000def2,2021-02-05T21:36:19.040Z,north of Ascension Island,earthquake,7.4,2,0.386,6,reviewed,us,us
2021-01-27T16:46:18.251Z,-6.415,129.9443,174,4.6,mb,,37,2.057,0.66,us,us7000d3rp,2021-02-05T02:53:36.040Z,Banda Sea,earthquake,7.5,7.2,0.085,44,reviewed,us,us
2021-01-27T16:35:32.011Z,5.2872,-82.6239,10,4.7,mb,,128,3.179,0.75,us,us7000d3rn,2021-02-05T02:48:17.040Z,south of Panama,earthquake,8.3,1.8,0.071,60,reviewed,us,us
2021-01-27T16:25:17.269Z,40.5301,-127.0419,10,4.6,mwr,,128,2.062,0.56,us,us7000d3rk,2021-02-05T02:45:09.086Z,"235 km W of Ferndale, California",earthquake,9,1.9,0.026,137,reviewed,us,us
2021-01-27T14:27:38.822Z,42.7779,146.3204,40.15,4.6,mb,,54,2.463,0.85,us,us7000d3q6,2021-01-29T14:44:10.040Z,"85 km SE of Nemuro, Japan",earthquake,8.5,7.2,0.076,54,reviewed,us,us
2021-01-27T12:45:30.286Z,-3.0081,138.5982,57.6,4.9,mb,,57,6.341,0.66,us,us7000d3nu,2021-01-27T13:04:49.040Z,"230 km WSW of Abepura, Indonesia",earthquake,7.6,7.5,0.087,41,reviewed,us,us
2021-01-27T10:40:26.412Z,-5.1515,103.6685,49.15,4.8,mb,,40,1.059,0.99,us,us7000d3n4,2021-01-27T11:00:28.040Z,"125 km SSW of Baturaja, Indonesia",earthquake,6.7,7.3,0.078,51,reviewed,us,us
2021-01-27T09:10:39.198Z,-20.3181,-178.1238,571.54,5,mb,,135,4.43,0.68,us,us7000d3m9,2021-01-27T09:25:59.040Z,Fiji region,earthquake,14.2,9.9,0.089,40,reviewed,us,us
2021-01-27T07:57:33.358Z,4.4075,-75.856,159.4,4.9,mb,,86,1.59,0.88,us,us7000d3m3,2021-02-02T13:39:15.419Z,"8 km NNW of Caicedonia, Colombia",earthquake,6.9,6.7,0.026,452,reviewed,us,us
2021-01-27T05:06:53.223Z,42.6991,141.9454,115.62,5.2,mww,,34,1.128,0.87,us,us7000d3l5,2021-02-02T12:42:57.337Z,"27 km ESE of Chitose, Japan",earthquake,6,4.8,0.093,11,reviewed,us,us
2021-01-27T04:19:56.888Z,0.0083,123.4695,137.17,5,mb,,34,1.254,0.86,us,us7000d3kp,2021-02-05T05:01:26.040Z,"74 km SE of Gorontalo, Indonesia",earthquake,6.4,4.9,0.061,86,reviewed,us,us
2021-01-27T04:08:27.072Z,-61.8961,-55.3861,10,5,mb,,70,1.58,0.69,us,us7000d3nd,2021-02-05T05:05:54.040Z,South Shetland Islands,earthquake,7.5,1.8,0.105,29,reviewed,us,us
2021-01-27T03:13:22.948Z,-10.5209,123.7781,10,4.9,mb,,64,0.332,0.59,us,us7000d3kg,2021-02-05T04:55:10.040Z,"43 km SSE of Kupang, Indonesia",earthquake,5.3,1.8,0.11,26,reviewed,us,us
2021-01-26T23:37:58.019Z,-28.7978,-68.922,106.06,4.5,mwr,,42,1.558,1.02,us,us7000d3jg,2021-02-04T04:17:42.040Z,"69 km W of Vinchina, Argentina",earthquake,5.9,4.9,0.062,25,reviewed,us,us
2021-01-26T22:58:05.297Z,1.0815,-79.8781,44.32,4.5,mb,,148,1.655,1.48,us,us6000de7j,2021-02-04T04:00:49.040Z,"28 km WNW of Esmeraldas, Ecuador",earthquake,9.1,9.2,0.11,24,reviewed,us,us
2021-01-26T21:52:14.331Z,-22.8853,172.2155,23.66,4.7,mb,,77,4.122,1.07,us,us6000de7i,2021-02-04T01:19:01.040Z,southeast of the Loyalty Islands,earthquake,4.1,5,0.106,27,reviewed,us,us
2021-01-26T15:42:22.947Z,-6.922,155.8614,104.41,4.8,mb,,77,4.617,0.55,us,us7000d3gs,2021-02-03T20:10:25.040Z,"78 km SSE of Panguna, Papua New Guinea",earthquake,8.3,6.8,0.08,49,reviewed,us,us
2021-01-26T14:57:00.108Z,46.9515,152.433,77.84,4.6,mb,,62,6.621,0.48,us,us7000d3g3,2021-02-03T19:51:38.040Z,Kuril Islands,earthquake,9.8,5.5,0.08,47,reviewed,us,us
2021-01-26T13:50:09.990Z,-25.8534,-70.9826,27.55,4.6,mwr,,117,0.453,0.72,us,us7000d3ev,2021-02-03T18:54:51.040Z,"70 km SW of Taltal, Chile",earthquake,5.8,4.1,,,reviewed,us,guc
2021-01-26T13:05:42.301Z,-19.968,-178.1591,574.4,4.6,mb,,113,4.213,0.58,us,us7000d3eq,2021-02-03T18:48:47.040Z,Fiji region,earthquake,12.7,7.4,0.048,130,reviewed,us,us
2021-01-26T11:17:40.697Z,36.1658,41.0703,10,4.9,mb,,85,1.169,0.7,us,us7000d3ec,2021-01-28T03:40:58.942Z,"47 km SE of Al Ḩasakah, Syria",earthquake,5.5,1.9,0.085,43,reviewed,us,us
2021-01-26T07:59:27.316Z,-23.9749,-179.1857,528,5,mb,,120,5.367,1.04,us,us7000d3dl,2021-01-26T08:15:41.040Z,south of the Fiji Islands,earthquake,14,12.1,0.103,30,reviewed,us,us
2021-01-26T05:08:48.712Z,-11.2648,165.2696,10,5.1,mb,,63,4.563,0.91,us,us7000d3c9,2021-01-26T05:35:34.040Z,Santa Cruz Islands,earthquake,8.7,1.8,0.075,58,reviewed,us,us
2021-01-26T04:32:04.437Z,-6.7521,156.3225,10,4.5,mb,,126,9.447,0.79,us,us6000de76,2021-02-04T00:35:41.040Z,"96 km SE of Kieta, Papua New Guinea",earthquake,11.8,1.9,0.135,16,reviewed,us,us
2021-01-26T04:17:55.285Z,-6.9635,155.7839,75.24,5.3,mww,,50,4.535,0.95,us,us7000d3c0,2021-02-04T01:45:45.609Z,"78 km SSE of Panguna, Papua New Guinea",earthquake,7.7,3.9,0.093,11,reviewed,us,us
2021-01-26T01:30:30.322Z,-22.1159,-179.3784,545.16,4.9,mb,,76,4.974,0.96,us,us7000d3ax,2021-02-04T02:01:22.040Z,south of the Fiji Islands,earthquake,11,5.5,0.078,51,reviewed,us,us
2021-01-25T23:46:56.607Z,14.009,144.6319,194.94,4.6,mb,,51,0.476,0.83,us,us7000d3ag,2021-02-08T05:13:40.642Z,"58 km NNW of Dededo Village, Guam",earthquake,10.1,5.3,0.064,73,reviewed,us,us
2021-01-25T23:29:05.462Z,-23.5193,-179.9555,530.58,4.5,mb,,61,5.984,0.76,us,us6000ddww,2021-02-08T04:50:49.040Z,south of the Fiji Islands,earthquake,11.4,6.1,0.091,35,reviewed,us,us
2021-01-25T23:08:38.546Z,-35.1534,-105.8961,10,4.7,mb,,68,8.524,1.05,us,us6000ddwz,2021-02-07T05:55:25.040Z,southern East Pacific Rise,earthquake,14,1.9,0.174,10,reviewed,us,us
2021-01-25T22:02:00.530Z,60.2288,-145.9447,1.8,4.9,ml,,,,0.83,ak,ak02115pjn6u,2021-02-09T00:00:08.040Z,"36 km SSW of Cordova, Alaska",earthquake,,0.3,,,reviewed,ak,ak
2021-01-25T21:26:10.096Z,-5.5476,151.8753,46.94,5.1,mb,,40,1.241,0.92,us,us7000d395,2021-02-03T00:00:33.040Z,"140 km SSW of Kokopo, Papua New Guinea",earthquake,8.7,5.5,0.049,137,reviewed,us,us
2021-01-25T20:42:07.593Z,-15.7415,-178.6792,10,5.1,mb,,97,1.524,0.81,us,us7000d38u,2021-02-04T18:14:36.040Z,"169 km SSW of Alo, Wallis and Futuna",earthquake,10.7,1.8,0.082,49,reviewed,us,us
2021-01-25T20:37:55.776Z,-17.2175,-174.1063,92.11,4.8,mb,,81,3.979,0.68,us,us7000d38j,2021-02-04T18:04:08.040Z,"143 km SSW of Hihifo, Tonga",earthquake,13.3,6.7,0.144,15,reviewed,us,us
2021-01-25T20:35:37.612Z,-23.468,-66.721,211,4.5,mb,,99,1.436,0.66,us,us7000d38f,2021-01-25T20:54:03.040Z,"92 km NNW of San Antonio de los Cobres, Argentina",earthquake,7.3,7.8,0.088,38,reviewed,us,us
2021-01-25T20:26:37.822Z,53.9112,-35.152,10,4.5,mb,,118,18.403,0.66,us,us6000ddwy,2021-02-05T18:01:49.040Z,Reykjanes Ridge,earthquake,12.6,1.6,0.103,28,reviewed,us,us
2021-01-25T19:39:53.118Z,14.2136,120.5012,122.37,4.5,mb,,252,9.039,0.73,us,us7000d388,2021-02-04T15:00:49.040Z,"14 km WNW of Looc, Philippines",earthquake,15.4,9.6,0.084,42,reviewed,us,us
2021-01-25T19:31:20.888Z,-11.1774,164.7373,10,4.8,mb,,101,4.875,1.19,us,us7000d37f,2021-02-03T18:12:27.040Z,"126 km WSW of Lata, Solomon Islands",earthquake,6.3,1.8,0.116,23,reviewed,us,us
2021-01-25T17:22:37.761Z,51.5153,177.7443,39.71,4.9,mb,,81,2.149,0.75,us,us7000d36v,2021-02-08T21:13:12.281Z,"Rat Islands, Aleutian Islands, Alaska",earthquake,7,1.9,0.031,319,reviewed,us,us
2021-01-25T14:24:44.791Z,21.7756,119.8932,10,4.9,mb,,100,1.511,0.64,us,us7000d34w,2021-02-02T17:30:53.656Z,"91 km WSW of Hengchun, Taiwan",earthquake,6,1.8,0.093,38,reviewed,us,us
2021-01-25T13:54:32.000Z,-11.9271,65.9579,10,4.7,mb,,56,12.623,0.92,us,us7000d34x,2021-02-02T16:40:33.040Z,Mid-Indian Ridge,earthquake,11.6,1.9,0.092,36,reviewed,us,us
2021-01-25T13:35:27.847Z,37.7273,20.8862,29.51,4.6,mb,,54,0.991,0.93,us,us7000d34m,2021-02-02T16:23:18.243Z,"3 km SSE of Ambelókipoi, Greece",earthquake,5.5,2.6,0.129,20,reviewed,us,us
2021-01-25T11:34:14.208Z,-5.7001,149.0846,203.14,4.5,mb,,85,11.39,0.56,us,us7000d346,2021-01-25T12:04:38.040Z,"75 km NW of Kandrian, Papua New Guinea",earthquake,6.6,9.7,0.1,29,reviewed,us,us
2021-01-25T09:05:54.825Z,23.4746,123.6934,10,4.9,mww,,101,1.168,0.81,us,us7000d33k,2021-01-25T09:32:58.040Z,"107 km SSW of Ishigaki, Japan",earthquake,6.2,1.9,0.083,14,reviewed,us,us
2021-01-25T07:53:22.423Z,-4.548,152.1861,100.14,5.2,mww,,30,0.355,0.7,us,us7000d32y,2021-01-26T07:56:12.577Z,"24 km SSW of Kokopo, Papua New Guinea",earthquake,9.1,4.4,0.093,11,reviewed,us,us
2021-01-25T07:25:35.422Z,23.527,123.6457,10,5.2,mww,,95,1.101,0.68,us,us7000d32v,2021-01-25T18:51:11.576Z,"104 km SSW of Ishigaki, Japan",earthquake,6,1.9,0.068,21,reviewed,us,us
2021-01-24T23:21:41.140Z,18.2516,-64.0708,94,5.4,ml,28,185,1.0163,0.65,pr,pr2021024007,2021-01-28T00:50:19.799Z,"76 km E of Cruz Bay, U.S. Virgin Islands",earthquake,5.45,3.26,0.09,20,reviewed,pr,pr
2021-01-24T23:14:47.952Z,-6.9784,144.878,10,4.5,mb,,111,3.303,0.59,us,us6000ddpe,2021-02-08T04:48:43.040Z,"106 km S of Kundiawa, Papua New Guinea",earthquake,10.7,1.9,0.109,25,reviewed,us,us
2021-01-24T21:49:37.578Z,-4.5958,138.7576,46.69,4.7,mb,,77,2.837,0.86,us,us7000d2zs,2021-02-02T06:05:23.040Z,"Papua, Indonesia",earthquake,5.9,5.3,0.088,39,reviewed,us,us
2021-01-24T21:16:21.925Z,54.3994,-162.1148,35,5.1,mww,,45,0.585,0.92,us,us7000d2zh,2021-02-09T21:26:31.189Z,"74 km S of King Cove, Alaska",earthquake,4.7,1.8,0.052,35,reviewed,us,us
2021-01-24T20:34:13.761Z,-61.7671,-55.2872,10,4.8,mb,,96,1.661,1.36,us,us7000d2yw,2021-01-24T20:52:15.040Z,South Shetland Islands,earthquake,6.7,1.9,0.113,24,reviewed,us,us
2021-01-24T19:12:34.936Z,-38.1692,176.3891,6.47,5.2,mww,,65,0.643,1.32,us,us7000d2yf,2021-01-29T01:19:23.747Z,"13 km ESE of Rotorua, New Zealand",earthquake,6.5,6.3,0.098,10,reviewed,us,us
2021-01-24T19:01:22.234Z,37.1675,71.6156,108.8,5.2,mb,,61,3.351,1.02,us,us7000d2ye,2021-01-24T20:01:36.652Z,Tajikistan,earthquake,4.8,7.8,0.072,63,reviewed,us,us
2021-01-24T18:57:01.978Z,-38.0634,176.4366,10,4.6,mb,,71,0.697,1.18,us,us7000d2yi,2021-01-24T20:12:53.159Z,"18 km ENE of Rotorua, New Zealand",earthquake,7,1.9,0.315,4,reviewed,us,us
2021-01-24T18:42:09.158Z,-1.9621,133.5979,45.69,5,mww,,136,1.649,1.13,us,us7000d2yb,2021-01-24T22:45:27.040Z,"132 km SSW of Manokwari, Indonesia",earthquake,10.1,9,0.098,10,reviewed,us,us
2021-01-24T18:24:04.128Z,42.092,144.9053,10,4.8,mww,,174,1.304,0.71,us,us7000d2y6,2021-01-24T18:38:04.040Z,"107 km SSE of Kushiro, Japan",earthquake,7.8,1.4,0.098,10,reviewed,us,us
2021-01-24T18:11:01.330Z,-61.7017,-55.2097,10,4.8,mb,,57,1.717,1,us,us7000d2y4,2021-01-24T18:23:11.040Z,South Shetland Islands,earthquake,7.2,1.9,0.121,21,reviewed,us,us
2021-01-24T16:03:34.143Z,-6.9757,151.1155,10,4.5,mb,,128,2.801,0.61,us,us6000ddp7,2021-02-01T19:33:41.040Z,"191 km SE of Kimbe, Papua New Guinea",earthquake,8.2,1.9,0.092,35,reviewed,us,us
2021-01-24T15:11:13.986Z,-52.9253,10.0684,10,5.2,mb,,63,19.658,0.51,us,us7000d2xc,2021-02-01T18:00:24.040Z,southwest of Africa,earthquake,12.9,1.8,0.108,29,reviewed,us,us
2021-01-24T14:26:45.309Z,8.99,126.504,64.31,5.2,mww,,56,2.116,0.58,us,us7000d2x8,2021-02-01T18:34:33.388Z,"24 km ENE of Aras-asan, Philippines",earthquake,8.5,4.6,0.071,19,reviewed,us,us
2021-01-24T13:40:49.472Z,-61.8118,-55.3819,10,4.9,mb,,58,1.604,0.52,us,us7000d2wz,2021-02-01T16:34:59.040Z,South Shetland Islands,earthquake,7.9,1.8,0.087,41,reviewed,us,us
2021-01-24T13:03:29.349Z,-4.4396,102.533,54.96,5.1,mb,,84,0.428,0.56,us,us7000d2wn,2021-02-01T16:27:51.040Z,"southern Sumatra, Indonesia",earthquake,6.9,4.9,0.067,71,reviewed,us,us
2021-01-24T12:19:23.258Z,-61.5098,-54.5781,10,4.8,mb,,115,2.068,1.34,us,us6000ddp8,2021-02-07T07:41:46.040Z,South Shetland Islands,earthquake,10.7,1.9,0.16,12,reviewed,us,us
2021-01-24T12:14:45.404Z,-61.7685,-55.3589,10,5.5,mww,,56,1.628,0.67,us,us7000d2wh,2021-02-06T13:22:12.374Z,South Shetland Islands,earthquake,3.9,1.8,0.059,28,reviewed,us,us
2021-01-24T10:26:06.801Z,-58.4691,-14.6514,10,4.9,mb,,61,14.112,0.65,us,us7000d2vx,2021-02-06T13:08:38.040Z,east of the South Sandwich Islands,earthquake,11.9,1.9,0.093,36,reviewed,us,us
2021-01-24T10:06:24.420Z,-21.9218,-176.3935,103.97,4.7,mb,,136,9.096,0.84,us,us7000d2vp,2021-02-06T13:06:04.040Z,"149 km SW of Haveluloto, Tonga",earthquake,13.1,7.9,0.098,32,reviewed,us,us
2021-01-24T09:29:45.638Z,-14.6127,166.9133,17.94,5.1,mb,,71,0.875,0.66,us,us7000d2vl,2021-02-06T13:04:29.040Z,"50 km NNW of Port-Olry, Vanuatu",earthquake,6.7,3.6,0.077,55,reviewed,us,us
2021-01-24T09:29:05.781Z,-61.7795,-55.2289,10,4.7,mb,,69,1.683,0.52,us,us7000d2vk,2021-02-06T12:59:05.040Z,South Shetland Islands,earthquake,10,1.9,0.085,42,reviewed,us,us
2021-01-24T06:36:27.671Z,-17.9067,-177.2595,326.26,5.2,mww,,126,3.673,1.09,us,us7000d2up,2021-01-24T06:56:49.040Z,Fiji region,earthquake,12.1,7.5,0.098,10,reviewed,us,us
2021-01-24T06:23:26.093Z,17.8385,-105.9309,10,4.5,mb,,184,4.806,1.34,us,us7000d2uk,2021-01-24T06:44:33.040Z,"199 km SSW of Emiliano Zapata, Mexico",earthquake,10.4,1.9,0.035,232,reviewed,us,us
2021-01-24T05:47:53.088Z,-51.1834,162.1096,10,5.8,mww,,88,3.831,0.92,us,us7000d2ty,2021-01-25T05:52:34.247Z,"Auckland Islands, New Zealand region",earthquake,8.6,1.9,0.061,26,reviewed,us,us
2021-01-24T05:29:31.741Z,-61.7299,-55.0513,10,4.9,mb,,55,1.779,0.7,us,us7000d2tr,2021-01-24T05:46:59.040Z,South Shetland Islands,earthquake,5.6,1.8,0.082,47,reviewed,us,us
2021-01-24T04:08:41.235Z,2.1748,128.7255,40.88,4.7,mb,,118,1.946,1.05,us,us7000d2tf,2021-01-24T04:28:19.040Z,"93 km ENE of Tobelo, Indonesia",earthquake,9.3,9.2,0.102,29,reviewed,us,us
2021-01-24T01:01:03.245Z,-17.8606,-178.1796,508.44,4.6,mb,,42,3.533,0.94,us,us7000d2sq,2021-01-24T01:19:01.040Z,"266 km E of Levuka, Fiji",earthquake,11,8.2,0.034,253,reviewed,us,us
2021-01-24T00:54:25.412Z,-61.7373,-55.3143,10,4.7,mb,,63,1.658,0.98,us,us6000ddnt,2021-02-07T05:20:10.040Z,South Shetland Islands,earthquake,5,1.9,0.142,15,reviewed,us,us
2021-01-24T00:51:35.633Z,-61.6735,-55.3058,10,4.9,mb,,58,1.684,0.47,us,us7000d2sp,2021-02-07T04:22:28.040Z,South Shetland Islands,earthquake,7.6,1.8,0.073,61,reviewed,us,us
2021-01-24T00:49:01.968Z,-61.9433,-55.1398,10,4.6,mb,,78,1.683,0.77,us,us6000ddns,2021-02-07T04:00:36.040Z,South Shetland Islands,earthquake,6.8,1.7,0.137,16,reviewed,us,us
2021-01-24T00:47:50.125Z,-61.8277,-55.3582,10,4.5,mb,,63,1.611,1.14,us,us6000ddnh,2021-02-07T03:45:44.040Z,South Shetland Islands,earthquake,4.6,1.9,0.145,14,reviewed,us,us
2021-01-24T00:20:59.949Z,-61.8135,-55.4515,10,4.9,mb,,63,1.572,0.73,us,us6000ddnn,2021-02-07T03:12:11.040Z,South Shetland Islands,earthquake,6.7,1.8,0.097,33,reviewed,us,us
2021-01-24T00:07:45.266Z,-33.3533,-70.1484,109.48,5.7,mww,,17,0.053,0.9,us,us7000d2s4,2021-02-06T07:52:27.402Z,"41 km ENE of Villa Presidente Frei, Ñuñoa, Santiago, Chile, Chile",earthquake,5.3,3.4,0.093,11,reviewed,us,us
2021-01-24T00:05:51.401Z,-61.7558,-55.4388,10,4.9,mb,,60,1.596,0.8,us,us7000d2tg,2021-02-06T05:48:36.040Z,South Shetland Islands,earthquake,6,1.3,0.125,20,reviewed,us,us
2021-01-24T00:03:17.317Z,-61.8467,-55.4547,10,5,mb,,54,1.561,0.78,us,us7000d2sh,2021-02-06T05:45:36.040Z,South Shetland Islands,earthquake,7.3,1.8,0.115,24,reviewed,us,us
2021-01-24T00:00:42.891Z,-61.7409,-55.4618,10,4.9,mb,,58,1.591,0.84,us,us6000ddnf,2021-02-06T05:20:35.040Z,South Shetland Islands,earthquake,6.5,1.8,0.093,36,reviewed,us,us
2021-01-23T23:52:15.696Z,-61.7603,-55.652,10,4.7,mb,,89,1.499,0.6,us,us6000dd0w,2021-02-06T04:59:10.040Z,South Shetland Islands,earthquake,4.8,1.9,0.159,12,reviewed,us,us
2021-01-23T23:48:39.024Z,-61.6966,-55.2943,10,5.4,mb,,31,1.681,0.54,us,us7000d2s3,2021-02-06T04:49:21.097Z,South Shetland Islands,earthquake,7.4,1.7,0.075,61,reviewed,us,us
2021-01-23T23:36:50.910Z,-61.8117,-55.4903,9.8,6.9,mww,,16,1.555,0.55,us,us7000d2rx,2021-02-06T01:48:31.289Z,South Shetland Islands,earthquake,7.2,2.7,0.043,52,reviewed,us,us
2021-01-23T23:36:01.060Z,-28.2446,-176.234,10,4.5,mb,,192,1.791,1.33,us,us6000dd0u,2021-02-06T00:51:02.040Z,Kermadec Islands region,earthquake,14.8,2,0.181,9,reviewed,us,us
2021-01-23T21:12:18.130Z,3.1222,-74.8254,25.07,4.9,mww,,66,1.783,0.88,us,us7000d2ra,2021-02-05T23:51:21.910Z,"25 km E of Baraya, Colombia",earthquake,8.1,4.3,0.086,13,reviewed,us,us
2021-01-23T19:38:36.722Z,-20.4503,-174.6725,10,4.7,mb,,45,4.673,0.66,us,us7000d2qq,2021-02-05T06:32:12.040Z,"77 km SSW of Pangai, Tonga",earthquake,9.8,1.8,0.096,33,reviewed,us,us
2021-01-23T19:19:01.144Z,-31.7491,-68.7892,18.04,4.6,mb,,63,0.221,0.94,us,us7000d2qj,2021-02-05T06:20:33.040Z,"20 km WSW of Pocito, Argentina",earthquake,4.7,4.6,0.157,12,reviewed,us,us
2021-01-23T17:37:06.482Z,-24.592,179.6491,519.64,4.8,mb,,72,6.974,0.85,us,us7000d2q3,2021-01-23T23:05:39.040Z,south of the Fiji Islands,earthquake,11.6,8.3,0.091,40,reviewed,us,us
2021-01-23T16:58:51.331Z,-6.2472,147.6881,40.99,5.4,mww,,22,4.188,1.33,us,us7000d2px,2021-01-26T18:29:41.005Z,"38 km NNW of Finschhafen, Papua New Guinea",earthquake,5,4.3,0.093,11,reviewed,us,us
2021-01-23T13:12:10.549Z,37.1493,141.5625,47.32,4.8,mb,,142,2.757,0.46,us,us7000d2p7,2021-01-23T13:44:58.724Z,"61 km E of Iwaki, Japan",earthquake,5.2,6.9,0.072,60,reviewed,us,us
2021-01-23T11:47:33.822Z,-24.3296,-179.5053,424.62,5.5,mww,,31,5.094,1.17,us,us7000d2nr,2021-01-24T11:50:52.411Z,south of the Fiji Islands,earthquake,9.9,5.4,0.098,10,reviewed,us,us
2021-01-23T11:22:54.724Z,-24.3237,-67.3026,188.73,4.5,mb,,67,1.584,0.9,us,us7000d2nk,2021-01-23T11:41:44.040Z,"100 km W of San Antonio de los Cobres, Argentina",earthquake,8.4,7.2,0.113,23,reviewed,us,us
2021-01-23T08:34:31.155Z,-6.3029,147.668,38.55,5.2,mww,,54,3.122,0.61,us,us7000d2mx,2021-02-04T09:09:03.040Z,"34 km NW of Finschhafen, Papua New Guinea",earthquake,7.3,5.9,0.093,11,reviewed,us,us
2021-01-23T08:24:16.930Z,6.0582,-77.4439,32.79,4.5,mb,,108,1.908,0.69,us,us7000d2mv,2021-02-04T09:02:29.040Z,"19 km SSW of Bahía Solano, Colombia",earthquake,6.4,6.1,0.109,25,reviewed,us,us
2021-01-23T05:39:18.366Z,42.322,142.6196,108.19,5,mb,,73,0.503,0.56,us,us7000d2m3,2021-02-04T08:20:45.040Z,"20 km E of Shizunai-furukawachō, Japan",earthquake,5.6,5.8,0.06,87,reviewed,us,us
2021-01-23T04:58:13.439Z,13.4239,-90.9226,10,4.7,mb,,153,1.326,1.09,us,us7000d2lp,2021-01-23T23:23:07.183Z,"56 km S of Puerto San José, Guatemala",earthquake,8.1,1.9,0.034,261,reviewed,us,us
2021-01-23T03:37:18.851Z,-22.3481,171.5303,35,4.8,mb,,119,3.362,0.8,us,us7000d2le,2021-01-23T03:59:09.040Z,southeast of the Loyalty Islands,earthquake,12.7,2,0.096,37,reviewed,us,us
2021-01-23T03:19:51.763Z,-6.3369,147.6009,29.26,5.7,mww,,35,4.271,1.02,us,us7000d2lc,2021-01-26T22:56:58.045Z,"36 km NW of Finschhafen, Papua New Guinea",earthquake,8.4,4.7,0.089,12,reviewed,us,us
2021-01-23T01:59:11.993Z,28.2749,104.2709,10,5,mb,,41,6.927,0.7,us,us7000d2l2,2021-01-23T02:17:33.040Z,"47 km WSW of Xunchang, China",earthquake,7.9,1.8,0.063,81,reviewed,us,us
2021-01-23T01:29:57.647Z,-33.2933,-179.4283,76.56,4.6,mb,,83,4.234,1.09,us,us6000dczy,2021-01-29T23:48:26.040Z,south of the Kermadec Islands,earthquake,11.5,6.4,0.151,13,reviewed,us,us
2021-01-22T16:23:42.578Z,-33.1538,-179.4848,45.62,5.6,mww,,55,4.118,1.37,us,us7000d2f1,2021-01-23T16:27:00.568Z,south of the Kermadec Islands,earthquake,8.4,3.7,0.052,35,reviewed,us,us
2021-01-22T16:03:57.835Z,37.3198,141.5884,31.68,4.7,mb,,156,1.562,0.71,us,us7000d2ew,2021-01-23T08:17:12.032Z,"55 km ESE of Namie, Japan",earthquake,4,6.6,0.142,15,reviewed,us,us
2021-01-22T13:51:06.331Z,12.7981,144.3558,41.7,4.8,mb,,71,0.931,0.54,us,us7000d2da,2021-01-23T06:48:10.647Z,"61 km SSW of Merizo Village, Guam",earthquake,9.4,8.4,0.109,26,reviewed,us,us
2021-01-22T12:47:03.194Z,4.926,127.4581,124.18,4.5,mb,,116,2.833,0.58,us,us7000d2cx,2021-01-22T13:11:04.040Z,"212 km SE of Pondaguitan, Philippines",earthquake,9,7.1,0.09,36,reviewed,us,us
2021-01-22T10:45:51.820Z,5.0118,127.5651,114.7,4.6,mb,,108,2.842,0.66,us,us7000d2cg,2021-01-22T11:22:03.040Z,"214 km SE of Pondaguitan, Philippines",earthquake,6.1,5.8,0.056,96,reviewed,us,us
2021-01-22T09:26:49.990Z,-3.9975,141.5101,55.81,4.7,mb,,70,6.161,1.06,us,us7000d2bz,2021-01-22T09:45:59.040Z,"133 km SW of Aitape, Papua New Guinea",earthquake,10.1,8.1,0.095,34,reviewed,us,us
2021-01-22T05:03:38.952Z,47.469,-27.5389,10,4.9,mb,,50,9.812,0.51,us,us7000d2aj,2021-02-04T06:45:23.040Z,northern Mid-Atlantic Ridge,earthquake,10.1,1.9,0.075,55,reviewed,us,us
2021-01-22T04:02:14.919Z,39.299,72.0159,53.38,4.6,mb,,64,3.826,0.89,us,us7000d2a9,2021-01-22T04:32:22.040Z,"32 km SSW of Daroot-Korgon, Kyrgyzstan",earthquake,7.3,7,0.074,55,reviewed,us,us
2021-01-22T02:06:34.999Z,-35.7293,-103.0497,10,4.6,mb,,176,24.533,0.64,us,us7000d29s,2021-01-22T03:01:39.040Z,southeast of Easter Island,earthquake,13.1,2,0.122,20,reviewed,us,us
2021-01-22T01:54:29.334Z,13.5408,119.277,27.67,4.7,mb,,112,20.109,0.41,us,us7000d29t,2021-01-22T10:59:00.368Z,"91 km WSW of Cabra, Philippines",earthquake,11.5,6.5,0.104,28,reviewed,us,us
2021-01-22T01:31:31.747Z,47.5616,-27.468,11.11,5,mb,,80,18.526,0.84,us,us7000d29v,2021-01-22T03:22:05.040Z,northern Mid-Atlantic Ridge,earthquake,11.8,4.4,0.064,78,reviewed,us,us
2021-01-21T22:33:07.466Z,-23.8937,-175.2621,10,4.5,mb,,119,8.745,1.06,us,us6000dcvy,2021-02-07T04:12:35.040Z,"285 km S of ‘Ohonua, Tonga",earthquake,12.5,1.8,0.163,11,reviewed,us,us
2021-01-21T19:47:57.852Z,13.5016,119.2999,10,4.5,mb,,110,8.309,0.78,us,us6000dcvp,2021-02-03T17:36:23.040Z,"91 km WSW of Cabra, Philippines",earthquake,9.4,1.9,0.102,28,reviewed,us,us
2021-01-21T19:34:30.463Z,28.1256,105.008,38.97,4.5,mb,,43,4.469,0.77,us,us7000d26x,2021-01-21T20:31:21.040Z,"46 km SE of Xunchang, China",earthquake,8,4.5,0.096,32,reviewed,us,us
2021-01-21T17:49:17.632Z,-15.5929,168.2235,144.77,4.5,mb,,251,0.994,0.64,us,us6000dcvk,2021-02-03T15:59:55.040Z,"102 km ENE of Norsup, Vanuatu",earthquake,13.9,8.2,0.135,16,reviewed,us,us
2021-01-21T17:00:19.652Z,-19.2794,-177.2965,563.8,4.5,mb,,115,5.006,0.92,us,us7000d246,2021-01-21T19:14:27.040Z,Fiji region,earthquake,16,8.6,0.101,29,reviewed,us,us
2021-01-21T16:37:31.558Z,4.9907,127.3993,101.02,4.6,mb,,108,2.746,0.67,us,us7000d240,2021-01-21T22:36:48.040Z,"203 km SE of Pondaguitan, Philippines",earthquake,8,4.3,0.061,89,reviewed,us,us
2021-01-21T14:40:30.502Z,5.0055,127.2547,120.34,4.5,mb,,125,2.642,0.67,us,us7000d23c,2021-01-21T15:55:39.040Z,"191 km SE of Pondaguitan, Philippines",earthquake,8.6,8.8,0.127,18,reviewed,us,us
2021-01-21T14:27:06.642Z,35.0235,33.7103,68.47,4.9,mb,,84,0.317,0.94,us,us7000d23a,2021-01-22T21:45:00.054Z,"2 km S of Pérgamos, Cyprus",earthquake,5.4,5.2,0.077,53,reviewed,us,us
2021-01-21T13:51:19.153Z,-45.1688,166.7644,31.53,4.8,mb,,91,0.403,0.8,us,us7000d22u,2021-01-21T14:07:50.040Z,"79 km WNW of Te Anau, New Zealand",earthquake,5.1,4.6,0.16,12,reviewed,us,us
2021-01-21T12:23:05.774Z,5.0074,127.5174,95.81,7,mww,,28,2.813,0.82,us,us7000d20e,2021-01-24T22:57:52.349Z,"210 km SE of Pondaguitan, Philippines",earthquake,7,5,0.069,20,reviewed,us,us
2021-01-21T10:15:34.107Z,-2.3381,-79.4668,83.02,4.9,mb,,107,0.244,0.89,us,us7000d1zv,2021-01-21T23:45:52.783Z,"14 km SSW of Coronel Marcelino Maridueña, Ecuador",earthquake,8.1,5.4,0.034,267,reviewed,us,us
2021-01-21T10:09:35.181Z,48.2017,154.1748,66.1,4.6,mb,,135,5.399,0.71,us,us7000d1zu,2021-01-21T11:15:03.040Z,Kuril Islands,earthquake,9.8,4.1,0.089,37,reviewed,us,us
2021-01-21T06:32:32.774Z,7.5114,-82.5272,10,4.5,mb,,153,1.189,0.72,us,us7000d1y9,2021-01-22T01:28:43.968Z,"68 km SSE of Punta de Burica, Panama",earthquake,4.1,1.9,0.11,24,reviewed,us,us
2021-01-21T06:26:03.352Z,-24.129,-67.269,211.33,4.7,mb,,74,1.438,0.72,us,us7000d1y7,2021-01-21T07:20:44.040Z,"97 km W of San Antonio de los Cobres, Argentina",earthquake,7.4,8.1,0.152,13,reviewed,us,us
2021-01-21T03:04:04.243Z,30.2979,140.1535,105.77,4.5,mb,,108,2.823,0.71,us,us6000dcv1,2021-02-02T03:41:30.040Z,"Izu Islands, Japan region",earthquake,9,8.4,0.106,26,reviewed,us,us
2021-01-21T02:56:21.524Z,-5.6275,146.4267,54.23,4.6,mb,,30,3.681,0.69,us,us7000d1wr,2021-02-02T05:06:59.040Z,"83 km ESE of Madang, Papua New Guinea",earthquake,7.1,4,0.083,43,reviewed,us,us
2021-01-21T02:06:22.531Z,-5.607,147.4488,181.41,4.8,mb,,33,3.541,0.87,us,us7000d1wf,2021-02-02T05:02:15.954Z,"113 km NNW of Finschhafen, Papua New Guinea",earthquake,7.7,5.5,0.059,90,reviewed,us,us
2021-01-21T00:27:45.235Z,-14.94,-75.5263,10,4.8,mb,,100,3.201,0.59,us,us7000d1vf,2021-02-05T05:37:51.263Z,"44 km SW of Changuillo, Peru",earthquake,9.8,1.8,0.07,62,reviewed,us,us
2021-01-20T23:37:55.968Z,37.8701,26.7652,2.8,4.8,mb,,22,1.204,0.56,us,us7000d1v3,2021-02-05T04:44:44.371Z,"10 km NNE of Néon Karlovásion, Greece",earthquake,4.3,4.1,0.063,78,reviewed,us,us
2021-01-20T23:09:16.329Z,-14.9354,-75.5488,10,5.3,mww,,73,3.189,0.58,us,us7000d1uw,2021-02-05T04:15:49.530Z,"46 km SW of Changuillo, Peru",earthquake,9.3,1.8,0.068,21,reviewed,us,us
2021-01-20T22:59:12.057Z,-15.0155,-75.5223,7.93,5.5,mww,,92,3.272,0.72,us,us7000d1ut,2021-02-05T02:46:51.108Z,"49 km WNW of Minas de Marcona, Peru",earthquake,9.6,3.6,0.057,30,reviewed,us,us
2021-01-20T22:49:27.108Z,-14.9977,-75.5846,10,4.8,mb,,102,3.232,0.85,us,us7000d1up,2021-01-31T05:05:05.152Z,"53 km SW of Changuillo, Peru",earthquake,9.7,1.8,0.068,66,reviewed,us,us
2021-01-20T22:27:44.256Z,-14.9396,-75.557,18.15,5.1,mww,,100,3.189,0.69,us,us7000d1uh,2021-01-31T04:37:10.219Z,"47 km SW of Changuillo, Peru",earthquake,9.4,3.7,0.075,17,reviewed,us,us
2021-01-20T16:00:41.678Z,49.7094,147.7173,587.69,5.6,mww,,25,4.301,0.73,us,us7000d1q5,2021-01-29T05:38:09.148Z,Sea of Okhotsk,earthquake,9.1,4.1,0.068,21,reviewed,us,us
2021-01-20T14:59:44.538Z,26.5481,-110.9542,10,4.7,mb,,75,1.382,1.16,us,us7000d1nc,2021-01-22T15:03:03.147Z,"71 km NNE of Loreto, Mexico",earthquake,7.5,1.9,0.053,108,reviewed,us,us
2021-01-20T09:50:09.559Z,-6.5931,129.786,149.87,4.5,mb,,63,2.039,0.5,us,us7000d1lv,2021-01-20T11:03:54.040Z,Banda Sea,earthquake,9.2,8.1,0.116,22,reviewed,us,us
2021-01-20T08:54:50.348Z,-4.7266,155.051,496.73,4.8,mb,,82,2.927,0.88,us,us7000d1lh,2021-01-20T09:12:43.040Z,"175 km NNW of Arawa, Papua New Guinea",earthquake,10.3,8.7,0.049,128,reviewed,us,us
2021-01-20T06:53:12.400Z,10.4901,125.5798,87.78,4.9,mb,,113,13.467,0.66,us,us7000d1k7,2021-01-20T07:36:14.040Z,"14 km N of Loreto, Philippines",earthquake,5.4,7.4,0.065,75,reviewed,us,us
2021-01-20T05:01:39.000Z,-17.6715,-178.7253,533.87,4.5,mb,,76,3.071,0.81,us,us7000d1jl,2021-01-20T06:17:49.040Z,"212 km ENE of Levuka, Fiji",earthquake,14.8,7.5,0.135,16,reviewed,us,us
2021-01-20T04:28:52.869Z,-5.9976,131.7618,10,4.8,mb,,47,2.024,0.82,us,us7000d1ji,2021-02-02T02:04:33.040Z,"117 km WSW of Tual, Indonesia",earthquake,4.5,1.8,0.105,28,reviewed,us,us
2021-01-20T03:41:45.134Z,-31.3158,-177.952,10,4.7,mb,,179,2.064,0.89,us,us6000dcnc,2021-02-01T23:35:18.040Z,Kermadec Islands region,earthquake,12.4,2,0.142,15,reviewed,us,us
2021-01-20T01:38:42.867Z,-21.9979,169.9652,10,4.9,mb,,145,1.87,0.76,us,us7000d1iq,2021-02-02T01:31:00.040Z,"221 km ESE of Tadine, New Caledonia",earthquake,7.9,1.8,0.099,32,reviewed,us,us
2021-01-20T01:31:54.304Z,-6.1441,132.4536,10,4.6,mb,,72,2.156,0.65,us,us6000dcna,2021-02-02T00:51:35.040Z,"65 km SSW of Tual, Indonesia",earthquake,6.7,1.9,0.181,9,reviewed,us,us
2021-01-20T01:27:58.557Z,9.0657,125.6272,10,4.8,mb,,109,1.983,0.62,us,us7000d1im,2021-02-02T00:45:56.928Z,"1 km NNE of Balangbalang, Philippines",earthquake,9.6,1.9,0.074,56,reviewed,us,us
2021-01-19T20:18:18.756Z,-13.3551,166.8028,46.41,5.1,mww,,55,2.115,0.86,us,us7000d1gl,2021-01-20T16:57:37.040Z,"99 km NW of Sola, Vanuatu",earthquake,7.2,5.2,0.083,14,reviewed,us,us
2021-01-19T20:10:59.408Z,-8.8648,110.6088,91.26,4.8,mb,,104,0.95,0.83,us,us7000d1gf,2021-01-20T17:13:32.593Z,"104 km SSE of Pundong, Indonesia",earthquake,7.3,6.3,0.071,68,reviewed,us,us
2021-01-19T12:42:45.759Z,-23.4843,-175.3199,10,4.7,mb,,88,6.195,0.95,us,us7000d3qt,2021-02-07T14:04:57.040Z,"241 km S of ‘Ohonua, Tonga",earthquake,5.6,1.9,0.184,9,reviewed,us,us
2021-01-19T11:57:35.713Z,-21.1335,-178.5945,559.38,4.6,mb,,127,4.622,0.69,us,us7000d1d1,2021-01-19T12:19:46.040Z,Fiji region,earthquake,11.4,4.4,0.088,39,reviewed,us,us
2021-01-19T10:47:58.691Z,-15.39,-173.4828,35,4.5,mb,,137,2.208,0.59,us,us7000d1cp,2021-01-19T11:19:50.040Z,"70 km NNE of Hihifo, Tonga",earthquake,11.4,2,0.151,13,reviewed,us,us
2021-01-19T09:24:32.306Z,-15.8229,-174.0014,158.78,4.5,mb,,59,2.867,0.46,us,us7000d1c8,2021-02-07T14:57:00.040Z,"26 km WNW of Hihifo, Tonga",earthquake,8.3,7.4,0.083,43,reviewed,us,us
2021-01-19T09:08:57.129Z,3.2892,66.0497,10,4.6,mb,,76,35.677,0.7,us,us7000d3qn,2021-02-08T14:09:57.040Z,Carlsberg Ridge,earthquake,11.5,1.9,0.137,16,reviewed,us,us
2021-01-19T07:26:11.490Z,-1.9407,128.9342,33.31,4.7,mb,,93,3.117,0.79,us,us7000d1bg,2021-01-19T07:51:37.040Z,"154 km N of Amahai, Indonesia",earthquake,6.9,6.1,0.113,24,reviewed,us,us
2021-01-19T05:01:03.585Z,-7.3184,125.307,428.38,5.2,mb,,27,2.63,0.94,us,us7000d1a0,2021-01-19T05:18:01.040Z,"140 km NNW of Dili, Timor Leste",earthquake,9.4,7,0.054,112,reviewed,us,us
2021-01-19T04:01:41.176Z,-31.8379,-68.806,10,4.8,mb,,68,0.309,0.82,us,us7000d19e,2021-02-01T01:15:08.040Z,"27 km SW of Pocito, Argentina",earthquake,4.1,1.9,0.135,17,reviewed,us,us
2021-01-19T03:51:52.944Z,-31.8325,-68.8542,10,4.9,mb,,92,0.32,0.99,us,us7000d19c,2021-02-01T00:57:42.040Z,"30 km WSW of Pocito, Argentina",earthquake,3.4,1.8,0.106,28,reviewed,us,us
2021-01-19T03:37:44.722Z,-31.7882,-68.7944,10,5.3,mb,,37,0.259,0.7,us,us7000d194,2021-02-06T02:29:05.975Z,"23 km WSW of Pocito, Argentina",earthquake,4.7,1.8,0.05,133,reviewed,us,us
2021-01-19T03:31:46.752Z,-18.906,-174.7926,87.58,4.9,mb,,78,4.606,0.47,us,us7000d3qh,2021-01-29T05:27:58.040Z,"89 km WSW of Neiafu, Tonga",earthquake,11.3,2.2,0.117,23,reviewed,us,us
2021-01-19T03:08:30.204Z,-31.8572,-68.9023,10,4.8,mb,,93,0.362,0.73,us,us7000d18w,2021-02-01T01:27:30.040Z,"35 km WSW of Pocito, Argentina",earthquake,4,1.9,0.21,7,reviewed,us,us
2021-01-19T03:03:44.059Z,-31.8715,-68.8527,10,4.9,mb,,50,0.355,0.79,us,us7000d18u,2021-02-01T05:47:39.040Z,"32 km SW of Pocito, Argentina",earthquake,5,1.8,0.114,24,reviewed,us,us
2021-01-19T02:46:22.293Z,-31.8304,-68.8059,20,6.4,mww,,22,0.302,0.97,us,us7000d18q,2021-02-05T23:13:33.097Z,"26 km SW of Pocito, Argentina",earthquake,5.2,1.8,0.055,32,reviewed,us,us
2021-01-19T01:41:31.701Z,-17.2452,-72.3851,45.46,4.7,mb,,145,2.245,0.5,us,us7000d3r5,2021-01-28T04:51:27.040Z,"40 km SW of Islay (Matarani), Peru",earthquake,9.4,8.1,0.174,10,reviewed,us,us
2021-01-19T00:56:44.225Z,-0.0023,120.0833,79.29,4.8,mb,,59,2.879,0.79,us,us7000d18h,2021-02-07T05:00:14.040Z,"102 km NNE of Palu, Indonesia",earthquake,7.9,6.3,0.071,62,reviewed,us,us
2021-01-18T20:47:32.350Z,38.9863,142.0383,59.99,4.7,mb,,116,1.95,0.4,us,us7000d177,2021-01-19T22:47:50.185Z,"29 km ESE of Ōfunato, Japan",earthquake,6.2,7.6,0.11,25,reviewed,us,us
2021-01-18T18:46:12.974Z,57.9818,126.3399,10,4.7,mb,,78,4.394,0.57,us,us7000d16b,2021-01-27T18:20:36.040Z,"75 km SE of Lebedinyy, Russia",earthquake,5.8,1.6,0.054,106,reviewed,us,us
2021-01-18T17:40:22.171Z,-33.5411,-179.1666,30.07,5.3,mb,,56,4.411,1.03,us,us7000d15q,2021-01-27T17:38:23.040Z,south of the Kermadec Islands,earthquake,9.5,4.6,0.051,139,reviewed,us,us
2021-01-18T17:12:14.305Z,36.6601,141.8644,33.16,4.7,mb,,136,2.943,0.89,us,us7000d3pm,2021-01-27T18:39:19.040Z,"97 km ESE of Iwaki, Japan",earthquake,9,1.2,0.147,14,reviewed,us,us
2021-01-18T16:03:12.178Z,28.272,56.015,10,4.6,mb,,64,3.317,0.85,us,us7000d15c,2021-01-27T15:47:34.040Z,"123 km NNW of Bandar Abbas, Iran",earthquake,9.2,1.9,0.079,47,reviewed,us,us
2021-01-18T15:55:31.813Z,-15.474,-173.1907,10,4.9,mb,,64,2.068,0.9,us,us7000d3pi,2021-01-27T15:45:18.040Z,"83 km NE of Hihifo, Tonga",earthquake,8.8,1.8,0.067,71,reviewed,us,us
2021-01-18T14:56:46.608Z,-6.2649,142.9024,10,5.1,mb,,61,4.322,0.39,us,us7000d3pg,2021-01-27T15:05:39.040Z,"46 km S of Tari, Papua New Guinea",earthquake,9.8,1.8,0.082,50,reviewed,us,us
2021-01-18T14:21:03.429Z,-6.3698,142.7291,11.8,4.9,mb,,77,4.329,0.7,us,us7000d3pd,2021-01-27T14:31:06.040Z,"62 km SSW of Tari, Papua New Guinea",earthquake,8.8,4.4,0.106,30,reviewed,us,us
2021-01-18T11:43:54.736Z,7.3172,94.6789,124.7,4.7,mb,,59,3.064,0.87,us,us7000d12t,2021-01-18T12:31:59.040Z,"172 km NNW of Sabang, Indonesia",earthquake,7.8,5.2,0.069,66,reviewed,us,us
2021-01-18T07:17:16.179Z,-14.5819,167.3408,160.89,5.3,mww,,67,0.87,0.92,us,us7000d11r,2021-01-18T18:55:59.040Z,"58 km NNE of Port-Olry, Vanuatu",earthquake,9.4,5.1,0.058,29,reviewed,us,us
2021-01-18T05:45:56.744Z,-30.1585,-71.6215,33.38,4.9,mb,,143,0.409,0.67,us,us7000d11h,2021-02-08T14:44:34.292Z,"35 km SW of Coquimbo, Chile",earthquake,5.2,1.9,0.058,92,reviewed,us,us
2021-01-18T04:23:12.565Z,35.6339,26.2557,10,4.5,mb,,105,0.743,1.1,us,us7000d112,2021-01-28T03:49:19.025Z,"48 km N of Palekastro, Greece",earthquake,5.1,1.9,0.07,61,reviewed,us,us
2021-01-18T02:05:54.154Z,44.9559,147.857,104.8,4.8,mb,,81,3.855,0.74,us,us7000d10h,2021-01-28T03:33:59.040Z,"30 km S of Kuril’sk, Russia",earthquake,9.1,5.1,0.054,106,reviewed,us,us
2021-01-18T01:48:33.905Z,-32.4808,-69.5456,119.59,4.5,mb,,59,0.893,1.02,us,us7000d10a,2021-01-28T03:30:18.526Z,"Mendoza, Argentina",earthquake,5.4,6.2,0.118,21,reviewed,us,us
2021-01-18T01:17:20.467Z,48.9782,153.6254,163.27,4.5,mb,,107,4.868,0.52,us,us7000d105,2021-01-28T03:16:59.040Z,Kuril Islands,earthquake,10.4,6.2,0.05,115,reviewed,us,us
2021-01-17T18:40:42.767Z,-56.3823,-27.1543,90.72,5.2,mww,,69,5.727,0.68,us,us7000d0y2,2021-01-18T19:46:48.426Z,South Sandwich Islands region,earthquake,10.1,5.9,0.086,13,reviewed,us,us
2021-01-17T16:18:21.481Z,-21.1023,170.3438,158.06,4.5,mb,,115,2.189,0.85,us,us7000d0xn,2021-01-26T20:26:59.040Z,"205 km SSE of Isangel, Vanuatu",earthquake,10.8,5.9,0.113,23,reviewed,us,us
2021-01-17T14:41:23.764Z,-31.5102,-179.1813,207.55,4.5,mb,,137,2.503,0.65,us,us7000d3fn,2021-01-26T20:10:48.040Z,Kermadec Islands region,earthquake,11.4,7.5,0.15,15,reviewed,us,us
2021-01-17T13:05:20.957Z,-18.0152,-178.5268,548.09,4.5,mb,,69,3.268,1,us,us7000d0wp,2021-01-26T17:39:13.040Z,"228 km E of Levuka, Fiji",earthquake,11.5,7.4,0.076,51,reviewed,us,us
2021-01-17T12:32:13.113Z,-31.8151,-71.5175,48.76,4.6,mb,,160,0.514,0.93,us,us7000d0w9,2021-01-31T07:14:07.323Z,"38 km WSW of Illapel, Chile",earthquake,6.1,7.1,0.152,13,reviewed,us,us
2021-01-17T12:24:32.588Z,-34.9539,-71.069,94.17,4.7,mwr,,58,0.286,0.7,us,us7000d0w6,2021-01-31T07:12:58.596Z,"Libertador General Bernardo O'Higgins, Chile",earthquake,3.7,3.8,0.061,26,reviewed,us,us
2021-01-17T08:31:53.204Z,54.027,161.9451,10,5.1,mww,,86,2.209,1.36,us,us7000d0tu,2021-01-18T18:11:05.026Z,"228 km ESE of Mil’kovo, Russia",earthquake,8.3,1.7,0.093,11,reviewed,us,us
2021-01-17T08:05:24.128Z,-27.9506,-66.9224,157.15,4.6,mb,,43,2.254,0.81,us,us7000d0tk,2021-01-17T08:22:36.040Z,"33 km SE of Londres, Argentina",earthquake,5.5,6.7,0.046,144,reviewed,us,us
2021-01-17T04:04:52.539Z,-31.2081,-177.7599,10,4.8,mb,,184,1.962,1.1,us,us7000d3fe,2021-01-27T00:48:48.040Z,Kermadec Islands region,earthquake,11.8,1.9,0.185,10,reviewed,us,us
2021-01-17T03:38:55.547Z,-15.4291,168.1157,10,5,mww,,61,0.88,0.8,us,us7000d0sd,2021-01-18T17:22:10.040Z,"102 km E of Luganville, Vanuatu",earthquake,6.8,1.8,0.093,11,reviewed,us,us
2021-01-17T02:50:17.146Z,26.8766,55.1967,10,4.7,mb,,55,2.126,0.51,us,us7000d0rz,2021-01-17T03:11:38.040Z,"47 km NE of Bandar-e Lengeh, Iran",earthquake,7.6,1.9,0.067,67,reviewed,us,us
2021-01-17T02:07:08.142Z,-6.2356,152.8254,10,4.6,mb,,114,2.074,1.1,us,us7000d3fa,2021-01-27T00:19:47.040Z,"New Britain region, Papua New Guinea",earthquake,4.1,1.9,0.165,13,reviewed,us,us
2021-01-17T01:11:54.334Z,36.6657,142.3557,26.96,4.5,mb,,150,3.338,0.53,us,us7000d0rd,2021-01-17T02:32:17.523Z,"138 km ESE of Iwaki, Japan",earthquake,10.1,6.6,0.15,13,reviewed,us,us
2021-01-16T23:52:43.446Z,-5.5027,150.9307,101.14,4.5,mb,,80,1.613,0.65,us,us7000d361,2021-01-30T05:22:45.040Z,"New Britain region, Papua New Guinea",earthquake,8.4,8.2,0.135,16,reviewed,us,us
2021-01-16T23:28:34.074Z,-57.5416,-26.023,74.69,4.9,mb,,55,6.726,0.49,us,us7000d0q5,2021-01-30T05:08:58.040Z,South Sandwich Islands region,earthquake,9.7,5.9,0.106,28,reviewed,us,us
2021-01-16T23:10:58.951Z,22.5547,121.4203,18.09,5.1,mww,,31,0.409,0.65,us,us7000d0q4,2021-01-30T04:56:26.946Z,"92 km NE of Hengchun, Taiwan",earthquake,4.9,0.6,0.075,17,reviewed,us,us
2021-01-16T22:37:45.312Z,12.0214,125.0465,80.23,4.5,mb,,123,22.241,0.44,us,us7000d35z,2021-01-29T06:46:44.040Z,"4 km SE of San Jose de Buan, Philippines",earthquake,15.1,7.2,0.099,30,reviewed,us,us
2021-01-16T20:02:46.900Z,36.4494,70.6975,204,5.5,mww,,18,2.334,0.69,us,us7000d0pq,2021-01-29T04:51:42.124Z,"47 km SSW of Jurm, Afghanistan",earthquake,6.9,1.8,0.049,40,reviewed,us,us
2021-01-16T19:58:12.673Z,-6.0394,151.5368,10,4.5,mb,,161,1.788,0.73,us,us7000d363,2021-01-29T02:11:06.040Z,"164 km ESE of Kimbe, Papua New Guinea",earthquake,7,2,0.191,8,reviewed,us,us
2021-01-16T17:06:53.787Z,15.7704,-95.0556,34.25,4.6,mb,,140,2.852,0.79,us,us7000d0p2,2021-01-16T17:33:15.040Z,"47 km SSE of Salina Cruz, Mexico",earthquake,7,6.6,0.049,128,reviewed,us,us
2021-01-16T12:25:41.809Z,18.7013,145.2484,345.41,4.6,mb,,61,3.487,0.93,us,us7000d0n8,2021-01-16T12:52:34.040Z,"Pagan region, Northern Mariana Islands",earthquake,10.6,5.6,0.044,156,reviewed,us,us
2021-01-16T10:43:41.888Z,0.8816,-79.7011,34.94,4.5,mb,,148,1.404,1.07,us,us7000d0ms,2021-01-16T11:34:17.040Z,"10 km SSW of Esmeraldas, Ecuador",earthquake,8.4,7.9,0.101,29,reviewed,us,us
2021-01-16T09:42:14.525Z,-30.5313,-177.027,10,5.1,mb,,86,1.502,0.39,us,us7000d0mh,2021-01-16T10:03:18.040Z,"Kermadec Islands, New Zealand",earthquake,7.9,1.9,0.122,22,reviewed,us,us
2021-01-16T09:26:43.171Z,-6.3928,103.8897,33.44,5.2,mww,,43,2.222,0.59,us,us7000d0ma,2021-01-16T16:38:59.040Z,"185 km SW of Bandar Lampung, Indonesia",earthquake,6.6,4.2,0.065,23,reviewed,us,us
2021-01-16T08:08:36.282Z,39.5738,142.8803,52.62,4.6,mb,,151,1.846,0.39,us,us7000d0m1,2021-01-31T06:40:01.808Z,"80 km E of Yamada, Japan",earthquake,8.7,9.3,0.172,11,reviewed,us,us
2021-01-16T06:37:31.039Z,-5.7211,148.8569,130.17,5.1,mb,,44,3.628,0.9,us,us7000d0lh,2021-01-31T06:11:48.040Z,"93 km NW of Kandrian, Papua New Guinea",earthquake,7.9,7,0.081,49,reviewed,us,us
2021-01-16T06:36:32.035Z,-19.9684,-173.2456,3.36,5.1,mb,,74,3.253,0.68,us,us7000d0lu,2021-01-31T06:08:36.040Z,"117 km E of Pangai, Tonga",earthquake,7.5,2,0.094,39,reviewed,us,us
2021-01-16T05:18:04.207Z,4.9359,-82.5854,10,5.2,mww,,72,3.528,0.59,us,us7000d0kq,2021-01-31T05:44:12.040Z,south of Panama,earthquake,6.9,1.8,0.051,37,reviewed,us,us
2021-01-16T03:53:36.174Z,-31.0355,-71.4708,62.2,5,mww,,56,0.387,1.02,us,us7000d0k5,2021-01-19T03:11:17.799Z,"54 km SSW of Ovalle, Chile",earthquake,3.7,4.7,0.058,29,reviewed,us,us
2021-01-16T02:21:34.534Z,-31.0961,-178.5172,95.71,4.6,mb,,102,1.913,0.54,us,us7000d356,2021-01-26T23:57:53.040Z,Kermadec Islands region,earthquake,11.1,10.5,0.207,8,reviewed,us,us
2021-01-16T01:44:05.023Z,-9.9009,160.0814,10,5,mb,,77,0.477,1.24,us,us7000d355,2021-01-26T23:07:21.040Z,"45 km ESE of Malango, Solomon Islands",earthquake,5.2,1.8,0.115,25,reviewed,us,us
2021-01-15T23:51:14.274Z,-12.8249,-77.1256,35.45,4.6,mb,,141,0.877,0.94,us,us7000d0iv,2021-01-24T01:20:29.228Z,"53 km SW of Chilca, Peru",earthquake,3.2,6.9,0.066,69,reviewed,us,us
2021-01-15T23:34:45.828Z,-37.2452,-17.1989,10,4.6,mb,,71,3.905,0.73,us,us7000d2gc,2021-01-24T01:45:17.040Z,southern Mid-Atlantic Ridge,earthquake,12,1.9,0.136,16,reviewed,us,us
2021-01-15T23:32:52.269Z,-2.9335,118.9545,10,4.9,mb,,65,2.214,0.63,us,us7000d0im,2021-01-24T01:14:42.040Z,"28 km SSE of Mamuju, Indonesia",earthquake,5.8,1,0.084,44,reviewed,us,us
2021-01-15T23:00:02.626Z,1.5062,125.9334,95.65,5,mb,,36,1.608,0.93,us,us7000d0ig,2021-01-25T22:19:12.364Z,"106 km E of Laikit, Laikit II (Dimembe), Indonesia",earthquake,7.2,3.2,0.062,83,reviewed,us,us
2021-01-15T22:48:55.846Z,13.826,120.7291,160.96,4.6,mb,,86,8.949,0.87,us,us7000d0ib,2021-01-25T22:26:49.040Z,"3 km SE of Hukay, Philippines",earthquake,4.6,6.5,0.077,50,reviewed,us,us
2021-01-15T21:32:57.663Z,14.0217,-92.0396,35,4.9,mb,,139,0.601,1.17,us,us7000d0gm,2021-01-24T01:53:50.886Z,"33 km SSW of Champerico, Guatemala",earthquake,6.8,1.9,0.027,426,reviewed,us,us
2021-01-15T21:31:04.610Z,26.9258,55.1859,8,5.5,mww,,35,2.175,1.07,us,us7000d0gn,2021-01-16T21:35:27.727Z,"50 km NE of Bandar-e Lengeh, Iran",earthquake,6.9,1.8,0.06,27,reviewed,us,us
2021-01-15T20:37:55.823Z,-23.9805,-67.3575,207.77,4.7,mb,,89,1.271,1.32,us,us7000d0fz,2021-01-15T22:53:23.040Z,"108 km WNW of San Antonio de los Cobres, Argentina",earthquake,8,4.8,0.165,12,reviewed,us,us
2021-01-15T20:18:19.668Z,-7.0012,155.8696,10,5.1,mb,,43,4.625,0.88,us,us7000d0ft,2021-01-16T18:32:04.040Z,"86 km SSE of Panguna, Papua New Guinea",earthquake,8.5,1.8,0.056,106,reviewed,us,us
2021-01-15T19:21:16.851Z,1.0328,-79.7623,36.61,4.8,mb,,118,1.53,0.81,us,us7000d0fd,2021-01-15T20:11:37.040Z,"14 km NW of Esmeraldas, Ecuador",earthquake,5.6,7.1,0.059,95,reviewed,us,us
2021-01-15T17:32:54.744Z,56.0532,164.6117,10,4.7,mb,,91,4.611,0.7,us,us7000d0el,2021-01-15T18:07:20.040Z,"134 km E of Ust’-Kamchatsk Staryy, Russia",earthquake,7.9,1.9,0.058,94,reviewed,us,us
2021-01-15T17:09:08.010Z,12.9605,-88.7499,73.35,4.5,mb,,110,1.69,0.89,us,us7000d0e6,2021-01-15T20:28:23.811Z,"41 km SSW of Puerto El Triunfo, El Salvador",earthquake,6.1,8.4,0.043,166,reviewed,us,us
2021-01-15T16:10:51.357Z,13.9032,-92.0934,10,5.9,mww,,152,0.728,1.33,us,us7000d0d0,2021-01-29T17:18:49.076Z,"47 km SSW of Champerico, Guatemala",earthquake,5.9,1.9,0.073,18,reviewed,us,us
2021-01-15T15:52:50.376Z,-3.5275,149.601,10,5.1,mww,,84,2.64,1.31,us,us7000d0cr,2021-01-15T16:24:58.040Z,"169 km SW of Kavieng, Papua New Guinea",earthquake,8.9,1.8,0.093,11,reviewed,us,us
2021-01-15T15:13:50.171Z,-3.8084,-80.8455,52.21,4.6,mb,,59,2.071,1,us,us7000d0c8,2021-01-24T15:51:55.040Z,"23 km SW of Zorritos, Peru",earthquake,3.5,6.9,0.098,31,reviewed,us,us
2021-01-15T14:19:03.992Z,0.4302,-24.9543,10,4.6,mb,,174,20.986,1.26,us,us7000d2g0,2021-02-08T06:16:32.040Z,central Mid-Atlantic Ridge,earthquake,16.2,2,0.173,10,reviewed,us,us
2021-01-15T13:38:19.335Z,33.8669,137.2129,357.77,5.2,mww,,55,1.14,0.54,us,us7000d0bx,2021-02-08T13:14:50.505Z,"76 km SSE of Toba, Japan",earthquake,8.3,5.2,0.073,18,reviewed,us,us
2021-01-15T13:19:11.166Z,-37.0694,-17.0154,10,5.5,mww,,67,3.759,0.92,us,us7000d0bw,2021-02-07T14:42:58.731Z,southern Mid-Atlantic Ridge,earthquake,10.7,1.9,0.069,20,reviewed,us,us
2021-01-15T11:28:26.289Z,2.0329,96.3663,10,4.7,mb,,139,1.409,0.77,us,us7000d0aj,2021-02-08T12:11:59.234Z,"49 km S of Sinabang, Indonesia",earthquake,4.4,1.9,0.117,22,reviewed,us,us
2021-01-15T11:19:02.442Z,-22.6699,-175.3303,35,4.5,mb,,124,6.188,0.24,us,us7000d2fl,2021-02-07T12:35:23.040Z,"153 km SSW of ‘Ohonua, Tonga",earthquake,11.3,2,0.192,8,reviewed,us,us
2021-01-15T10:45:21.903Z,-37.1801,-17.2577,10,5.4,mww,,67,31.489,0.67,us,us7000d0ae,2021-01-16T10:49:02.032Z,southern Mid-Atlantic Ridge,earthquake,6.2,1.8,0.089,12,reviewed,us,us
2021-01-15T10:35:17.061Z,1.0705,-79.733,35,4.7,mb,,143,1.525,0.56,us,us7000d0ab,2021-01-15T15:37:14.258Z,"15 km NW of Esmeraldas, Ecuador",earthquake,6.9,2,0.036,242,reviewed,us,us
2021-01-15T08:40:06.403Z,42.4632,143.2444,62.59,4.8,mb,,133,0.452,0.65,us,us7000d09q,2021-01-31T05:39:45.040Z,"50 km S of Obihiro, Japan",earthquake,3,7.4,0.086,42,reviewed,us,us
2021-01-15T08:21:13.562Z,2.7388,128.6703,222.4,4.8,mb,,91,2.348,0.69,us,us7000d08x,2021-01-31T05:36:24.040Z,"133 km NNE of Tobelo, Indonesia",earthquake,8.3,5.2,0.072,60,reviewed,us,us
2021-01-15T08:14:29.512Z,-37.6109,-17.0402,10,4.5,mb,,92,23.767,1.01,us,us7000d2gi,2021-01-31T05:34:47.040Z,southern Mid-Atlantic Ridge,earthquake,13.6,1.9,0.124,19,reviewed,us,us
2021-01-15T07:52:23.170Z,-37.2583,-17.3095,10,5,mb,,83,3.993,0.7,us,us7000d08p,2021-01-31T05:30:40.040Z,southern Mid-Atlantic Ridge,earthquake,11.5,1.9,0.08,49,reviewed,us,us
2021-01-15T07:36:25.889Z,-34.6446,-14.7096,10,5,mb,,66,3.103,0.84,us,us7000d08v,2021-01-31T05:29:00.040Z,Tristan da Cunha region,earthquake,10.8,1.9,0.095,36,reviewed,us,us
2021-01-15T07:03:12.515Z,-38.1723,-17.0859,10,4.6,mb,,92,3.944,0.73,us,us7000d2fg,2021-01-31T05:27:49.040Z,southern Mid-Atlantic Ridge,earthquake,13.3,1.9,0.107,26,reviewed,us,us
2021-01-15T02:50:54.155Z,-0.0003,127.2743,139.53,4.7,mb,,117,0.772,0.89,us,us7000d06u,2021-01-15T03:11:36.040Z,"87 km SSW of Sofifi, Indonesia",earthquake,6.7,5.2,0.115,23,reviewed,us,us
2021-01-15T00:47:20.191Z,-16.2295,-177.5752,10,4.6,mb,,112,1.982,1.19,us,us7000d2fb,2021-01-23T22:50:29.040Z,"219 km SSE of Alo, Wallis and Futuna",earthquake,6.4,1.9,0.129,18,reviewed,us,us
2021-01-15T00:40:48.602Z,-14.0512,171.1628,625.83,4.5,mb,,117,4.074,0.76,us,us7000d2fa,2021-01-23T22:41:58.040Z,Vanuatu region,earthquake,14.3,9.5,0.242,5,reviewed,us,us
2021-01-14T18:28:18.081Z,-2.9711,118.8893,18,6.2,mww,,28,2.204,1.12,us,us7000d030,2021-01-26T21:18:07.234Z,"32 km S of Mamuju, Indonesia",earthquake,5.5,1,0.066,22,reviewed,us,us
2021-01-14T16:50:59.885Z,1.3107,96.9865,28.43,4.6,mb,,155,0.588,0.78,us,us7000d02l,2021-01-14T19:26:38.040Z,"140 km SW of Singkil, Indonesia",earthquake,7.4,5.1,0.075,61,reviewed,us,us
2021-01-14T16:28:10.949Z,25.4036,124.332,119.55,4.7,mwr,,78,1.518,0.86,us,us7000d02g,2021-01-14T17:01:13.040Z,"118 km NW of Hirara, Japan",earthquake,7.5,5.6,0.068,21,reviewed,us,us
2021-01-14T15:45:03.924Z,-44.6454,-80.1251,10,4.7,mb,,202,4.914,1.13,us,us7000d028,2021-01-14T16:20:28.040Z,"Off the coast of Aisen, Chile",earthquake,11,2,0.13,18,reviewed,us,us
2021-01-14T15:03:38.993Z,-23.9681,179.2231,550.88,4.6,mb,,126,6.288,0.83,us,us7000d024,2021-01-14T15:29:08.040Z,south of the Fiji Islands,earthquake,13.7,6.6,0.062,81,reviewed,us,us
2021-01-14T14:45:11.461Z,10.6076,-62.7629,110.14,4.6,mb,,130,4.39,0.9,us,us7000d2e5,2021-01-24T14:57:42.040Z,"50 km W of Güiria, Venezuela",earthquake,9.3,6.2,0.068,64,reviewed,us,us
2021-01-14T12:39:38.933Z,-15.4842,166.9635,58.7,4.6,mb,,89,0.234,0.93,us,us7000d2e9,2021-02-09T09:58:05.040Z,"21 km W of Luganville, Vanuatu",earthquake,10,7,0.119,21,reviewed,us,us
2021-01-14T09:22:00.700Z,36.0905,104.0101,10,4.5,mb,,149,7.397,0.6,us,us7000d2e6,2021-02-10T14:20:18.040Z,"15 km ENE of Lanzhou, China",earthquake,8.5,1.9,0.156,14,reviewed,us,us
2021-01-14T06:38:37.408Z,-3.0115,118.9493,10,5.2,mb,,69,2.144,0.9,us,us7000d2dv,2021-02-07T13:59:16.040Z,"Sulawesi, Indonesia",earthquake,9.3,1.9,0.115,26,reviewed,us,us
2021-01-14T06:35:50.010Z,-2.9802,118.8911,18,5.7,mww,,33,2.195,0.89,us,us6000d882,2021-02-07T13:44:07.294Z,"33 km S of Mamuju, Indonesia",earthquake,5.8,1.7,0.053,34,reviewed,us,us
2021-01-14T05:13:50.496Z,51.4861,-174.0844,37.26,4.9,mb,,76,0.72,0.68,us,us6000d87l,2021-01-27T09:49:55.980Z,"79 km S of Atka, Alaska",earthquake,7.9,7.4,0.038,222,reviewed,us,us
2021-01-14T00:03:21.692Z,-8.1454,120.3733,28.53,4.6,mb,,71,1.907,0.63,us,us7000d2ds,2021-01-24T03:27:27.040Z,"52 km N of Ruteng, Indonesia",earthquake,6.9,6.1,0.128,18,reviewed,us,us
2021-01-13T23:49:56.706Z,15.2698,-45.5897,10,4.5,mb,,129,12.249,0.29,us,us7000d259,2021-01-24T03:34:59.040Z,northern Mid-Atlantic Ridge,earthquake,7.8,1.9,0.157,12,reviewed,us,us
2021-01-13T22:47:33.766Z,73.5735,7.6986,10,4.6,mb,,63,5.083,0.55,us,us7000d257,2021-02-03T04:46:32.040Z,Greenland Sea,earthquake,5.9,1.9,0.111,24,reviewed,us,us
2021-01-13T21:43:02.128Z,-24.5653,-13.3961,10,5,mb,,72,27.99,0.63,us,us7000d251,2021-01-23T06:18:44.040Z,southern Mid-Atlantic Ridge,earthquake,12,1.9,0.084,46,reviewed,us,us
2021-01-13T17:33:03.784Z,1.5929,128.1924,10,5.2,mb,,54,1.16,1.08,us,us6000d82a,2021-01-21T22:40:06.214Z,"25 km SE of Tobelo, Indonesia",earthquake,5.9,1.6,0.066,77,reviewed,us,us
2021-01-13T16:02:35.715Z,-6.0903,149.4174,51.7,4.9,mb,,43,3.144,1.02,us,us6000d81y,2021-01-22T04:34:15.040Z,"19 km NW of Kandrian, Papua New Guinea",earthquake,6.4,5.3,0.072,60,reviewed,us,us
2021-01-13T15:46:25.828Z,-7.1702,129.3867,139.02,4.5,mb,,69,2.06,1.13,us,us6000d81p,2021-01-22T04:22:21.040Z,"Kepulauan Babar, Indonesia",earthquake,7.6,7.7,0.094,33,reviewed,us,us
2021-01-13T11:10:10.183Z,51.5752,100.2955,10,4.9,mb,,41,2.089,0.59,us,us6000d801,2021-02-07T11:39:41.040Z,"26 km WNW of Turt, Mongolia",earthquake,7.5,1.9,0.049,131,reviewed,us,us
2021-01-13T06:27:14.773Z,-23.6925,-64.7452,24.71,4.6,mb,,85,3.241,1.47,us,us6000d7xt,2021-02-08T11:51:28.040Z,"9 km NNE of Calilegua, Argentina",earthquake,7,5,0.173,10,reviewed,us,us
2021-01-13T06:18:22.769Z,-4.2223,102.0942,37.21,4.6,mb,,99,0.87,0.52,us,us6000d7z0,2021-02-08T11:31:24.040Z,"50 km SSW of Bengkulu, Indonesia",earthquake,8.4,6.8,0.119,21,reviewed,us,us
2021-01-13T01:39:29.096Z,19.4477,145.353,195.51,4.6,mb,,100,4.211,0.53,us,us6000d7ws,2021-01-22T05:48:37.040Z,"Maug Islands region, Northern Mariana Islands",earthquake,9.7,7.4,0.058,88,reviewed,us,us
2021-01-13T01:11:23.039Z,2.5119,-79.8007,10,4.7,mb,,62,2.631,0.75,us,us6000d7wm,2021-01-22T04:47:55.040Z,"137 km WNW of Salahonda, Colombia",earthquake,2.3,1.9,0.063,76,reviewed,us,us
2021-01-12T22:56:48.046Z,38.3646,22.118,10,4.7,mwr,,37,0.677,1.2,us,us6000d7w3,2021-01-22T03:48:08.750Z,"12 km NNE of Rododáfni, Greece",earthquake,4.9,1.8,0.048,41,reviewed,us,us
2021-01-12T22:32:57.672Z,38.3987,22.0833,10,4.5,mb,,43,0.652,0.8,us,us7000d229,2021-01-22T03:42:24.040Z,"13 km NNE of Kamárai, Greece",earthquake,3.3,1.9,0.086,39,reviewed,us,us
2021-01-12T22:29:39.031Z,38.4147,22.0612,10,4.6,mwr,,36,0.642,0.83,us,us6000d7vx,2021-02-08T22:24:33.297Z,"13 km NNE of Kamárai, Greece",earthquake,6.1,1.9,0.06,27,reviewed,us,us
2021-01-12T22:09:57.263Z,38.4129,22.0649,10,5.2,mww,,29,0.643,0.92,us,us6000d7vr,2021-01-21T23:30:11.305Z,"13 km NNE of Kamárai, Greece",earthquake,5.9,1.8,0.059,28,reviewed,us,us
2021-01-12T21:50:14.023Z,-60.5139,-44.5157,10,4.6,mb,,71,0.249,0.83,us,us7000d228,2021-01-21T23:14:22.040Z,Scotia Sea,earthquake,7.2,1.9,0.173,10,reviewed,us,us
2021-01-12T21:02:23.402Z,-20.7869,-178.4111,565.43,4.5,mb,,101,4.506,1.27,us,us6000d7v5,2021-01-21T22:48:36.040Z,Fiji region,earthquake,12.1,6.6,0.056,95,reviewed,us,us
2021-01-12T18:17:36.605Z,-3.0629,136.8777,28.29,5.8,mww,,14,3.86,0.73,us,us6000d7tq,2021-02-09T18:26:21.605Z,"156 km ENE of Nabire, Indonesia",earthquake,6.5,3.3,0.073,18,reviewed,us,us
2021-01-12T16:31:16.251Z,51.4143,100.1476,10,4.5,mb,,51,2.199,0.49,us,us6000d7tb,2021-01-24T19:07:47.040Z,"37 km WSW of Turt, Mongolia",earthquake,6.5,1.2,0.093,34,reviewed,us,us
2021-01-12T15:21:58.480Z,-7.3986,129.0868,149.3,4.6,mb,,86,2.267,1.05,us,us7000d223,2021-01-24T18:13:58.040Z,"261 km ENE of Lospalos, Timor Leste",earthquake,10.8,6.2,0.273,5,reviewed,us,us
2021-01-12T13:38:13.315Z,19.0221,120.3133,10,5,mww,,105,1.468,0.46,us,us6000d7r3,2021-01-24T17:20:58.689Z,"66 km NNW of Davila, Philippines",earthquake,5.6,1.8,0.08,15,reviewed,us,us
2021-01-12T11:51:31.280Z,2.2367,128.5754,230.7,4.6,mb,,115,1.891,0.58,us,us6000d7qj,2021-02-02T10:57:03.040Z,"84 km NE of Tobelo, Indonesia",earthquake,9.2,6.7,0.107,26,reviewed,us,us
2021-01-12T11:04:36.303Z,-21.738,-68.7077,117.3,4.9,mb,,40,0.499,0.78,us,us6000d7pn,2021-02-02T10:47:52.736Z,"82 km NNE of Calama, Chile",earthquake,5.3,4,0.043,168,reviewed,us,us
2021-01-12T10:23:15.450Z,-2.8671,141.9002,24.54,4.6,mb,,66,5.521,0.71,us,us6000d7pg,2021-02-02T10:59:50.040Z,"58 km WNW of Aitape, Papua New Guinea",earthquake,11.1,5.6,0.111,24,reviewed,us,us
2021-01-12T10:11:55.528Z,4.1619,125.3956,46.05,5.2,mb,,81,2.894,0.67,us,us6000d7pb,2021-02-02T07:08:25.040Z,"137 km S of Sarangani, Philippines",earthquake,8,6.4,0.065,77,reviewed,us,us
2021-01-12T10:06:36.856Z,-63.16,171.5794,10,5.4,mww,,86,10.849,1.06,us,us6000d7p9,2021-02-01T14:53:37.156Z,Balleny Islands region,earthquake,6.8,1.9,0.089,12,reviewed,us,us
2021-01-12T09:46:44.326Z,7.5564,-34.6938,10,4.5,mb,,107,13.129,1.01,us,us7000d21t,2021-01-31T12:04:17.040Z,central Mid-Atlantic Ridge,earthquake,9.1,1.9,0.145,14,reviewed,us,us
2021-01-12T09:08:45.504Z,51.1063,100.3621,10,4.7,mb,,43,2.134,0.73,us,us6000d7nt,2021-02-02T07:19:15.173Z,Russia-Mongolia border region,earthquake,4.9,1.9,0.093,35,reviewed,us,us
2021-01-12T07:26:33.870Z,40.0828,19.7021,10,4.5,mb,,47,0.376,1.09,us,us6000d7nf,2021-02-08T08:51:48.040Z,"4 km WSW of Himarë, Albania",earthquake,5.2,1.9,0.15,13,reviewed,us,us
2021-01-12T07:22:50.289Z,22.8862,143.8902,39.38,5,mb,,73,4.467,0.9,us,us7000d21n,2021-02-08T08:40:35.040Z,"Volcano Islands, Japan region",earthquake,12.4,6.2,0.146,15,reviewed,us,us
2021-01-12T06:10:55.047Z,14.8021,-93.6388,29.98,4.9,mwr,,148,1.901,0.63,us,us6000d7n9,2021-01-12T06:53:23.040Z,"87 km SW of La Esperanza (El Zapotal), Mexico",earthquake,8.2,6,0.098,10,reviewed,us,us
2021-01-12T03:46:37.810Z,-4.0032,127.702,192.42,4.5,mb,,54,4.729,0.8,us,us6000d7mw,2021-01-27T05:28:35.040Z,"63 km WSW of Ambon, Indonesia",earthquake,7.5,5.4,0.109,25,reviewed,us,us
2021-01-12T02:39:43.440Z,43.708,139.9783,214,5.9,mww,,22,1.933,0.73,us,us6000d7ml,2021-01-27T05:48:53.978Z,"85 km NW of Yoichi, Japan",earthquake,4.6,1.9,0.065,23,reviewed,us,us
2021-01-12T01:49:54.765Z,51.5301,100.1421,10,4.6,mb,,64,2.188,0.78,us,us6000d7mh,2021-01-27T04:57:03.040Z,"36 km W of Turt, Mongolia",earthquake,7.8,1.8,0.061,81,reviewed,us,us
2021-01-12T01:37:57.343Z,51.2485,100.2144,10,4.6,mb,,94,2.188,0.45,us,us7000d218,2021-01-26T05:16:48.040Z,"42 km SW of Turt, Mongolia",earthquake,5.9,1.9,0.129,18,reviewed,us,us
2021-01-12T00:36:11.586Z,51.2279,100.2963,10,4.8,mb,,46,2.142,1,us,us6000d7l3,2021-01-23T04:55:10.795Z,"40 km SW of Turt, Mongolia",earthquake,8.4,1.8,0.066,71,reviewed,us,us
2021-01-12T00:34:05.621Z,51.3627,100.1567,10,4.5,mb,,69,2.201,0.46,us,us6000d7le,2021-01-23T04:57:43.040Z,"38 km WSW of Turt, Mongolia",earthquake,7.9,1.9,0.118,21,reviewed,us,us
2021-01-12T00:23:18.555Z,-53.3414,-47.1141,10,4.6,mb,,177,6.365,0.51,us,us7000d216,2021-01-23T04:16:28.040Z,South Atlantic Ocean,earthquake,14.3,2,0.136,16,reviewed,us,us
2021-01-11T23:30:16.441Z,44.0738,149.5818,10,4.5,mb,,188,5.034,0.67,us,us7000d1r5,2021-01-23T03:22:03.040Z,"186 km SE of Kuril’sk, Russia",earthquake,13.9,2,0.15,13,reviewed,us,us
2021-01-11T23:02:23.738Z,51.4379,100.3097,10,5,mb,,41,2.095,1.1,us,us6000d7kd,2021-01-23T04:47:06.174Z,"25 km WSW of Turt, Mongolia",earthquake,2,1.8,0.04,201,reviewed,us,us
2021-01-11T22:36:07.416Z,-21.8638,170.8857,138.35,4.8,mb,,75,2.683,0.69,us,us6000d7k5,2021-01-21T05:56:37.040Z,southeast of the Loyalty Islands,earthquake,9.2,6.9,0.097,33,reviewed,us,us
2021-01-11T22:22:43.394Z,51.3125,100.2729,10,4.5,mb,,68,2.139,1.17,us,us6000d7k4,2021-01-21T05:33:35.040Z,"34 km SW of Turt, Mongolia",earthquake,8.7,1.9,0.1,29,reviewed,us,us
2021-01-11T22:19:12.304Z,51.4758,100.424,10,4.6,mb,,99,2.019,0.86,us,us7000d1rc,2021-01-21T05:21:35.040Z,"16 km WSW of Turt, Mongolia",earthquake,9.3,1.9,0.119,21,reviewed,us,us
2021-01-11T22:10:29.324Z,51.2628,100.2528,10,4.7,mb,,55,2.161,0.79,us,us7000d1qz,2021-01-21T05:16:37.040Z,"39 km SW of Turt, Mongolia",earthquake,9.2,1.9,0.093,35,reviewed,us,us
2021-01-11T22:02:56.759Z,51.1805,100.311,10,5,mb,,54,2.145,0.83,us,us6000d7jt,2021-01-21T05:03:27.642Z,"43 km SW of Turt, Mongolia",earthquake,6.9,1.8,0.055,105,reviewed,us,us
2021-01-11T21:56:52.479Z,51.4437,100.3282,10,4.5,mb,,48,2.083,0.51,us,us7000d1ra,2021-01-21T04:53:48.040Z,"24 km WSW of Turt, Mongolia",earthquake,4.9,1.8,0.118,21,reviewed,us,us